<?xml version="1.0" encoding="UTF-8" standalone="yes"?>
<contentHaul xmlns:a="http://www.appian.com/ae/types/2009">
    <rule>
        <name>UTIL_contentDetailsForm</name>
        <uuid>07b2d6a4-518f-4231-b4f5-c2c38715e63b</uuid>
        <description></description>
        <parentUuid>_a-0000d94b-6e9d-8000-927a-010000010000_446</parentUuid>
        <visibility>
            <advertise>false</advertise>
            <hierarchy>true</hierarchy>
            <indexable>true</indexable>
            <quota>false</quota>
            <searchable>true</searchable>
            <system>false</system>
            <unlogged>false</unlogged>
        </visibility>
        <definition>load(&#xD;
  local!id,&#xD;
  local!uuid,&#xD;
  local!pickedRule,&#xD;
  #&quot;SYSTEM_SYSRULES_formLayout&quot;(&#xD;
    label: &quot;Content Details&quot;,&#xD;
    instructions: &quot;Enter either a Content ID or UUID&quot;,&#xD;
    firstColumnContents: {&#xD;
      #&quot;SYSTEM_SYSRULES_pickerFieldCustom&quot;(&#xD;
        label: &quot;Rule&quot;,&#xD;
        instructions: &quot;Search by name and description&quot;,&#xD;
        maxSelections: 1,&#xD;
        suggestFunction: #&quot;_a-0000d94b-31b1-8000-927a-010000010000_395&quot;(filter:_),&#xD;
        selectedLabels: if(&#xD;
          or(isnull(local!pickedRule), count(local!pickedRule) = 0),&#xD;
          null,&#xD;
          apply(#&quot;_a-0000d96e-b6d7-8000-927a-010000010000_1516&quot;, local!pickedRule)&#xD;
        ),&#xD;
        value: local!pickedRule,&#xD;
        saveInto: {&#xD;
          local!pickedRule,&#xD;
          local!uuid &lt;&lt; #&quot;_a-0000d94b-6e9d-8000-927a-010000010000_440&quot;(null, _),&#xD;
          local!id &lt;&lt; #&quot;_a-0000d94b-6e9d-8000-927a-010000010000_440&quot;(null, _)&#xD;
        }&#xD;
      ),&#xD;
      #&quot;SYSTEM_SYSRULES_integerField&quot;(&#xD;
        label: &quot;Content ID&quot;,&#xD;
        value: local!id,&#xD;
        saveInto: {&#xD;
          local!id,&#xD;
          local!uuid &lt;&lt; #&quot;_a-0000d94b-6e9d-8000-927a-010000010000_440&quot;(null, _),&#xD;
          local!pickedRule &lt;&lt; #&quot;_a-0000d94b-6e9d-8000-927a-010000010000_440&quot;(null, _)&#xD;
        }&#xD;
      ),&#xD;
      #&quot;SYSTEM_SYSRULES_textField&quot;(&#xD;
        label: &quot;Content UUID&quot;,&#xD;
        value: local!uuid,&#xD;
        saveInto: {&#xD;
          local!uuid,&#xD;
          local!id &lt;&lt; #&quot;_a-0000d94b-6e9d-8000-927a-010000010000_440&quot;(null, _),&#xD;
          local!pickedRule &lt;&lt; #&quot;_a-0000d94b-6e9d-8000-927a-010000010000_440&quot;(null, _)&#xD;
        }&#xD;
      ),&#xD;
      /* If UUID isn't null show details */&#xD;
      if(&#xD;
        and(not(isnull(local!uuid)), len(local!uuid) &gt; 0),&#xD;
        #&quot;a1e5592f-269d-44b6-8bf7-9d4a0df02989&quot;(&#xD;
          labelValue: getContentByUUID(local!uuid),&#xD;
          label: &quot;Content Details&quot;,&#xD;
          headers: #&quot;_a-0000d96e-b6d7-8000-927a-010000010000_1512&quot; &#xD;
        ),&#xD;
        {}&#xD;
      ),&#xD;
      /* If ID isn't null show details */&#xD;
      if(&#xD;
        and(not(isnull(local!id)), len(local!id) &gt; 0),&#xD;
        #&quot;a1e5592f-269d-44b6-8bf7-9d4a0df02989&quot;(&#xD;
          labelValue: getContentByID(local!id),&#xD;
          label: &quot;Content Details&quot;,&#xD;
          headers: #&quot;_a-0000d96e-b6d7-8000-927a-010000010000_1512&quot; &#xD;
        ),&#xD;
        {}&#xD;
      ),&#xD;
      /* If Picker isn't null show details */&#xD;
      if(&#xD;
        and(not(isnull(local!pickedRule)), len(local!pickedRule) &gt; 0),&#xD;
        #&quot;a1e5592f-269d-44b6-8bf7-9d4a0df02989&quot;(&#xD;
          labelValue: getContentByUUID(tostring(local!pickedRule)),&#xD;
          label: &quot;Content Details&quot;,&#xD;
          headers: #&quot;_a-0000d96e-b6d7-8000-927a-010000010000_1512&quot;&#xD;
        ),&#xD;
        {}&#xD;
      )&#xD;
    },&#xD;
    buttons: #&quot;SYSTEM_SYSRULES_ButtonLayout&quot;(&#xD;
      secondaryButtons: {&#xD;
        #&quot;_a-0000d94c-e571-8000-927a-010000010000_625&quot;(ri!action, &quot;system&quot;)&#xD;
      }&#xD;
    )&#xD;
  )&#xD;
)</definition>
        <namedTypedValue>
            <name>action</name>
            <type>
                <name>Save</name>
                <namespace>http://www.appian.com/ae/types/2009</namespace>
            </type>
            <value/>
        </namedTypedValue>
        <preferredEditor>interface</preferredEditor>
    </rule>
    <roleMap public="true">
        <role allowForAll="false" inherit="true" name="readers">
            <users/>
            <groups/>
        </role>
        <role allowForAll="false" inherit="true" name="authors">
            <users/>
            <groups/>
        </role>
        <role allowForAll="false" inherit="true" name="administrators">
            <users>
                <userUuid>Administrator</userUuid>
            </users>
            <groups/>
        </role>
        <role allowForAll="false" inherit="false" name="denyReaders">
            <users/>
            <groups/>
        </role>
        <role allowForAll="false" inherit="false" name="denyAuthors">
            <users/>
            <groups/>
        </role>
        <role allowForAll="false" inherit="false" name="denyAdministrators">
            <users/>
            <groups/>
        </role>
    </roleMap>
</contentHaul>
