<?xml version="1.0" encoding="UTF-8" standalone="yes"?>
<contentHaul xmlns:a="http://www.appian.com/ae/types/2009">
    <rule>
        <name>UTIL_contentDetailsForm</name>
        <uuid>07b2d6a4-518f-4231-b4f5-c2c38715e63b</uuid>
        <description>Interface displaying content details</description>
        <parentUuid>_a-0000d96e-b6d7-8000-927a-010000010000_1795</parentUuid>
        <visibility>
            <advertise>false</advertise>
            <hierarchy>true</hierarchy>
            <indexable>true</indexable>
            <quota>false</quota>
            <searchable>true</searchable>
            <system>false</system>
            <unlogged>false</unlogged>
        </visibility>
        <definition>load(&#xD;
  local!id,&#xD;
  local!uuid,&#xD;
  local!pickedRule,&#xD;
  local!pickedDocument,&#xD;
  local!pickedFolder,&#xD;
  local!pickedDatatype,&#xD;
  #&quot;SYSTEM_SYSRULES_formLayout&quot;(&#xD;
    label: &quot;Content Details&quot;,&#xD;
    instructions: &quot;Select content using a picker, or enter the ID or UUID directly&quot;,&#xD;
    firstColumnContents: {&#xD;
      #&quot;SYSTEM_SYSRULES_sectionLayout&quot;(&#xD;
        label: &quot;Pickers&quot;,&#xD;
        firstColumnContents: {&#xD;
          #&quot;SYSTEM_SYSRULES_pickerFieldFolders&quot;(&#xD;
            label:&quot;Folder Picker&quot;,&#xD;
            instructions:&quot;Search by name&quot;,&#xD;
            maxSelections:1,&#xD;
            value: local!pickedFolder,&#xD;
            saveInto:{&#xD;
              local!pickedFolder,&#xD;
              local!uuid &lt;&lt; #&quot;_a-0000d94b-6e9d-8000-927a-010000010000_440&quot;(null, _),&#xD;
              local!id &lt;&lt; #&quot;_a-0000d94b-6e9d-8000-927a-010000010000_440&quot;(null, _),&#xD;
              local!pickedRule &lt;&lt; #&quot;_a-0000d94b-6e9d-8000-927a-010000010000_440&quot;(null, _),&#xD;
              local!pickedDocument &lt;&lt; #&quot;_a-0000d94b-6e9d-8000-927a-010000010000_440&quot;(null, _),&#xD;
              local!pickedDatatype &lt;&lt; #&quot;_a-0000d94b-6e9d-8000-927a-010000010000_440&quot;(null, _)&#xD;
            }&#xD;
          ),&#xD;
          #&quot;SYSTEM_SYSRULES_pickerFieldDocuments&quot;(&#xD;
            label:&quot;Document Picker&quot;,&#xD;
            instructions:&quot;Search by name&quot;,&#xD;
            maxSelections:1,&#xD;
            value: local!pickedDocument,&#xD;
            saveInto:{&#xD;
              local!pickedDocument,&#xD;
              local!uuid &lt;&lt; #&quot;_a-0000d94b-6e9d-8000-927a-010000010000_440&quot;(null, _),&#xD;
              local!id &lt;&lt; #&quot;_a-0000d94b-6e9d-8000-927a-010000010000_440&quot;(null, _),&#xD;
              local!pickedRule &lt;&lt; #&quot;_a-0000d94b-6e9d-8000-927a-010000010000_440&quot;(null, _),&#xD;
              local!pickedFolder &lt;&lt; #&quot;_a-0000d94b-6e9d-8000-927a-010000010000_440&quot;(null, _),&#xD;
              local!pickedDatatype &lt;&lt; #&quot;_a-0000d94b-6e9d-8000-927a-010000010000_440&quot;(null, _)&#xD;
            }&#xD;
          )&#xD;
        },&#xD;
        secondColumnContents: {&#xD;
           #&quot;SYSTEM_SYSRULES_pickerFieldCustom&quot;(&#xD;
            label: &quot;Rule Picker&quot;,&#xD;
            instructions: &quot;Search by name or description&quot;,&#xD;
            maxSelections: 1,&#xD;
            suggestFunction: #&quot;_a-0000d94b-31b1-8000-927a-010000010000_395&quot;(filter:_),&#xD;
            selectedLabels: if(&#xD;
              #&quot;_a-0000d970-1815-8000-927a-010000010000_1982&quot;(local!pickedRule),&#xD;
              null,&#xD;
              apply(#&quot;_a-0000d96e-b6d7-8000-927a-010000010000_1516&quot;, local!pickedRule)&#xD;
            ),&#xD;
            value: local!pickedRule,&#xD;
            saveInto: {&#xD;
              local!pickedRule,&#xD;
              local!uuid &lt;&lt; #&quot;_a-0000d94b-6e9d-8000-927a-010000010000_440&quot;(null, _),&#xD;
              local!id &lt;&lt; #&quot;_a-0000d94b-6e9d-8000-927a-010000010000_440&quot;(null, _),&#xD;
              local!pickedFolder &lt;&lt; #&quot;_a-0000d94b-6e9d-8000-927a-010000010000_440&quot;(null, _),&#xD;
              local!pickedDocument &lt;&lt; #&quot;_a-0000d94b-6e9d-8000-927a-010000010000_440&quot;(null, _),&#xD;
              local!pickedDatatype &lt;&lt; #&quot;_a-0000d94b-6e9d-8000-927a-010000010000_440&quot;(null, _)&#xD;
            }&#xD;
          ),&#xD;
          #&quot;SYSTEM_SYSRULES_pickerFieldCustom&quot;(&#xD;
            label: &quot;Datatype Picker&quot;,&#xD;
            instructions: &quot;Search by name&quot;,&#xD;
            maxSelections: 1,&#xD;
            suggestFunction: #&quot;_a-0000d971-68fb-8000-927a-010000010000_2002&quot;(filter:_),&#xD;
            selectedLabels: if(&#xD;
              #&quot;_a-0000d970-1815-8000-927a-010000010000_1982&quot;(local!pickedDatatype),&#xD;
              null,&#xD;
              apply(#&quot;_a-0000d971-68fb-8000-927a-010000010000_2007&quot;, local!pickedDatatype)&#xD;
            ),&#xD;
            value: local!pickedDatatype,&#xD;
            saveInto: {&#xD;
              local!pickedDatatype,&#xD;
              local!uuid &lt;&lt; #&quot;_a-0000d94b-6e9d-8000-927a-010000010000_440&quot;(null, _),&#xD;
              local!id &lt;&lt; #&quot;_a-0000d94b-6e9d-8000-927a-010000010000_440&quot;(null, _),&#xD;
              local!pickedRule &lt;&lt; #&quot;_a-0000d94b-6e9d-8000-927a-010000010000_440&quot;(null, _),&#xD;
              local!pickedFolder &lt;&lt; #&quot;_a-0000d94b-6e9d-8000-927a-010000010000_440&quot;(null, _),&#xD;
              local!pickedDocument &lt;&lt; #&quot;_a-0000d94b-6e9d-8000-927a-010000010000_440&quot;(null, _)&#xD;
            }&#xD;
          )&#xD;
        }&#xD;
      ),&#xD;
      #&quot;SYSTEM_SYSRULES_sectionLayout&quot;(&#xD;
        label: &quot;Ids&quot;,&#xD;
        firstColumnContents: {&#xD;
          #&quot;SYSTEM_SYSRULES_integerField&quot;(&#xD;
            label: &quot;Content ID&quot;,&#xD;
            value: local!id,&#xD;
            saveInto: {&#xD;
              local!id,&#xD;
              local!uuid &lt;&lt; #&quot;_a-0000d94b-6e9d-8000-927a-010000010000_440&quot;(null, _),&#xD;
              local!pickedRule &lt;&lt; #&quot;_a-0000d94b-6e9d-8000-927a-010000010000_440&quot;(null, _),&#xD;
              local!pickedFolder &lt;&lt; #&quot;_a-0000d94b-6e9d-8000-927a-010000010000_440&quot;(null, _),&#xD;
              local!pickedDocument &lt;&lt; #&quot;_a-0000d94b-6e9d-8000-927a-010000010000_440&quot;(null, _),&#xD;
              local!pickedDatatype &lt;&lt; #&quot;_a-0000d94b-6e9d-8000-927a-010000010000_440&quot;(null, _)&#xD;
            }&#xD;
          )&#xD;
        },&#xD;
        secondColumnContents: {&#xD;
          #&quot;SYSTEM_SYSRULES_textField&quot;(&#xD;
            label: &quot;Content UUID&quot;,&#xD;
            value: local!uuid,&#xD;
            saveInto: {&#xD;
              local!uuid,&#xD;
              local!id &lt;&lt; #&quot;_a-0000d94b-6e9d-8000-927a-010000010000_440&quot;(null, _),&#xD;
              local!pickedRule &lt;&lt; #&quot;_a-0000d94b-6e9d-8000-927a-010000010000_440&quot;(null, _),&#xD;
              local!pickedFolder &lt;&lt; #&quot;_a-0000d94b-6e9d-8000-927a-010000010000_440&quot;(null, _),&#xD;
              local!pickedDocument &lt;&lt; #&quot;_a-0000d94b-6e9d-8000-927a-010000010000_440&quot;(null, _),&#xD;
              local!pickedDatatype &lt;&lt; #&quot;_a-0000d94b-6e9d-8000-927a-010000010000_440&quot;(null, _)&#xD;
            }&#xD;
          )&#xD;
        }&#xD;
      ),&#xD;
      #&quot;SYSTEM_SYSRULES_sectionLayout&quot;(&#xD;
        label: &quot;Results&quot;,&#xD;
        firstColumnContents: {&#xD;
          /* If UUID isn't null show details */&#xD;
          #&quot;_a-0000d971-68fb-8000-927a-010000010000_2025&quot;(&#xD;
            value: local!uuid,&#xD;
            idType: &quot;UUID&quot;,&#xD;
            label: &quot;Content Details&quot;&#xD;
          ),&#xD;
          /* If ID isn't null show details */&#xD;
          #&quot;_a-0000d971-68fb-8000-927a-010000010000_2025&quot;(&#xD;
            value: local!id,&#xD;
            idType: &quot;ID&quot;,&#xD;
            label: &quot;Content Details&quot;&#xD;
          ),&#xD;
          /* If Rule Picker isn't null show details */&#xD;
          #&quot;_a-0000d971-68fb-8000-927a-010000010000_2025&quot;(&#xD;
            value: local!pickedRule,&#xD;
            idType: &quot;UUID&quot;,&#xD;
            label: &quot;Rule Details&quot;&#xD;
          ),&#xD;
          /* If Folder Picker isn't null show details */&#xD;
          #&quot;_a-0000d971-68fb-8000-927a-010000010000_2025&quot;(&#xD;
            value: local!pickedFolder,&#xD;
            idType: &quot;ID&quot;,&#xD;
            label: &quot;Folder Details&quot;&#xD;
          ),&#xD;
          /* If Document Picker isn't null show details */&#xD;
          #&quot;_a-0000d971-68fb-8000-927a-010000010000_2025&quot;(&#xD;
            value: local!pickedDocument,&#xD;
            idType: &quot;ID&quot;,&#xD;
            label: &quot;Content Details&quot;&#xD;
          ),&#xD;
          /* If Datatype Picker isn't null show details */&#xD;
          #&quot;_a-0000d971-68fb-8000-927a-010000010000_2037&quot;(&#xD;
            value: local!pickedDatatype,&#xD;
            label: &quot;Datatype Details&quot;&#xD;
          )&#xD;
        }&#xD;
      )&#xD;
    },&#xD;
    buttons: #&quot;SYSTEM_SYSRULES_ButtonLayout&quot;(&#xD;
      secondaryButtons: {&#xD;
        #&quot;_a-0000d94c-e571-8000-927a-010000010000_625&quot;(ri!action, &quot;system&quot;)&#xD;
      }&#xD;
    )&#xD;
  )&#xD;
)</definition>
        <namedTypedValue>
            <name>action</name>
            <type>
                <name>Save</name>
                <namespace>http://www.appian.com/ae/types/2009</namespace>
            </type>
            <value/>
        </namedTypedValue>
        <preferredEditor>interface</preferredEditor>
    </rule>
    <roleMap public="true">
        <role allowForAll="false" inherit="true" name="readers">
            <users/>
            <groups/>
        </role>
        <role allowForAll="false" inherit="true" name="authors">
            <users/>
            <groups/>
        </role>
        <role allowForAll="false" inherit="true" name="administrators">
            <users>
                <userUuid>Administrator</userUuid>
            </users>
            <groups/>
        </role>
        <role allowForAll="false" inherit="false" name="denyReaders">
            <users/>
            <groups/>
        </role>
        <role allowForAll="false" inherit="false" name="denyAuthors">
            <users/>
            <groups/>
        </role>
        <role allowForAll="false" inherit="false" name="denyAdministrators">
            <users/>
            <groups/>
        </role>
    </roleMap>
</contentHaul>
