<?xml version="1.0" encoding="UTF-8" standalone="yes"?>
<contentHaul xmlns:a="http://www.appian.com/ae/types/2009">
    <rule>
        <name>UTIL_logFilesBrowserForm</name>
        <uuid>0bf0304b-7d6a-4f0f-9e3f-75825adecc0c</uuid>
        <description>Interface displaying log file browser</description>
        <parentUuid>_a-0000d96e-b6d7-8000-927a-010000010000_1791</parentUuid>
        <visibility>
            <advertise>false</advertise>
            <hierarchy>true</hierarchy>
            <indexable>true</indexable>
            <quota>false</quota>
            <searchable>true</searchable>
            <system>false</system>
            <unlogged>false</unlogged>
        </visibility>
        <definition>=load(&#xD;
  local!gridSelection: #&quot;SYSTEM_SYSRULES_gridSelection&quot;(&#xD;
    pagingInfo: #&quot;SYSTEM_SYSRULES_pagingInfo&quot;(startIndex: 1, batchSize: 20)&#xD;
  ),&#xD;
  local!selectedRows,&#xD;
  with(&#xD;
    local!datasubset: todatasubset(getLogFileNames(), local!gridSelection.pagingInfo),&#xD;
    #&quot;SYSTEM_SYSRULES_formLayout&quot;(&#xD;
      label: &quot;System Logs&quot;,&#xD;
      firstColumnContents: {&#xD;
        #&quot;SYSTEM_SYSRULES_gridField&quot;(&#xD;
          label: &quot;&quot;,&#xD;
          columns: {&#xD;
            #&quot;SYSTEM_SYSRULES_gridTextColumn&quot;(&#xD;
              label: &quot;Name&quot;,&#xD;
              field: &quot;id&quot;,&#xD;
              data: local!datasubset.data&#xD;
            )&#xD;
          },&#xD;
          selection: true,&#xD;
          identifiers: if(&#xD;
            local!dataSubset.totalCount &gt; 0,&#xD;
            local!dataSubset.data,&#xD;
            {}&#xD;
          ),&#xD;
          validations: {&#xD;
            if(&#xD;
              not(isnull(local!selectedRows)),&#xD;
              if(&#xD;
                length(local!selectedRows) &gt; 0,&#xD;
                null,&#xD;
                &quot;One row must be selected&quot;&#xD;
              ),&#xD;
              &quot;One row must be selected&quot;&#xD;
            )&#xD;
          },&#xD;
          value: local!gridSelection,&#xD;
          totalCount: local!datasubset.totalCount,&#xD;
          saveInto: {&#xD;
            local!gridSelection,&#xD;
            local!selectedRows &lt;&lt; index(_, &quot;selected&quot;, null)&#xD;
          }&#xD;
        )&#xD;
      },&#xD;
      buttons: #&quot;SYSTEM_SYSRULES_ButtonLayout&quot;(&#xD;
        primaryButtons: {&#xD;
          #&quot;SYSTEM_SYSRULES_ButtonWidget&quot;(&#xD;
            label: &quot;Get Logs&quot;,&#xD;
            style: &quot;PRIMARY&quot;,&#xD;
            validate: true,&#xD;
            submit: true,&#xD;
            value: local!selectedRows,&#xD;
            saveInto: ri!logFiles&#xD;
          )&#xD;
        },&#xD;
        secondaryButtons: {&#xD;
          #&quot;_a-0000d94c-e571-8000-927a-010000010000_625&quot;(ri!action, &quot;system&quot;)&#xD;
        }&#xD;
      )&#xD;
    )&#xD;
  )&#xD;
)&#xD;
</definition>
        <namedTypedValue>
            <name>action</name>
            <type>
                <name>string</name>
                <namespace>http://www.w3.org/2001/XMLSchema</namespace>
            </type>
            <value/>
        </namedTypedValue>
        <namedTypedValue>
            <name>logFiles</name>
            <type>
                <name>Text?list</name>
                <namespace>http://www.appian.com/ae/types/2009</namespace>
            </type>
        </namedTypedValue>
        <preferredEditor>interface</preferredEditor>
    </rule>
    <roleMap public="true">
        <role allowForAll="false" inherit="true" name="readers">
            <users/>
            <groups/>
        </role>
        <role allowForAll="false" inherit="true" name="authors">
            <users/>
            <groups/>
        </role>
        <role allowForAll="false" inherit="true" name="administrators">
            <users>
                <userUuid>Administrator</userUuid>
            </users>
            <groups/>
        </role>
        <role allowForAll="false" inherit="false" name="denyReaders">
            <users/>
            <groups/>
        </role>
        <role allowForAll="false" inherit="false" name="denyAuthors">
            <users/>
            <groups/>
        </role>
        <role allowForAll="false" inherit="false" name="denyAdministrators">
            <users/>
            <groups/>
        </role>
    </roleMap>
</contentHaul>
