<?xml version="1.0" encoding="UTF-8" standalone="yes"?>
<contentHaul xmlns:a="http://www.appian.com/ae/types/2009">
    <rule>
        <name>UTIL_ruleRenamerForm</name>
        <uuid>13dae4ab-2453-494f-b19c-94541f070155</uuid>
        <description>Interface displaying rule renamer form</description>
        <parentUuid>_a-0000d96e-b6d7-8000-927a-010000010000_1794</parentUuid>
        <visibility>
            <advertise>false</advertise>
            <hierarchy>true</hierarchy>
            <indexable>true</indexable>
            <quota>false</quota>
            <searchable>true</searchable>
            <system>false</system>
            <unlogged>false</unlogged>
        </visibility>
        <definition>=load(&#xD;
  local!pickedRule,&#xD;
  local!newName,&#xD;
  #&quot;SYSTEM_SYSRULES_formLayout&quot;(&#xD;
    label: &quot;Rule Renamer&quot;,&#xD;
    instructions: &quot;Select a rule to rename&quot;,&#xD;
    firstColumnContents: {&#xD;
      with(&#xD;
        local!rule: getContentByUuid(tostring(local!pickedRule)),&#xD;
        local!newName: if(isnull(ri!newName), local!rule.label, ri!newName),&#xD;
        {&#xD;
          #&quot;SYSTEM_SYSRULES_pickerFieldCustom&quot;(&#xD;
            label: &quot;Rule&quot;,&#xD;
            instructions: &quot;Search by name and description&quot;,&#xD;
            maxSelections: 1,&#xD;
            suggestFunction: #&quot;_a-0000d94b-31b1-8000-927a-010000010000_395&quot;(filter:_),&#xD;
            selectedLabels: if(&#xD;
              or(isnull(local!pickedRule), count(local!pickedRule) = 0),&#xD;
              null,&#xD;
              apply(#&quot;_a-0000d96e-b6d7-8000-927a-010000010000_1516&quot;, local!pickedRule)&#xD;
            ),&#xD;
            required: true,&#xD;
            value: local!pickedRule,&#xD;
            saveInto: {&#xD;
              local!pickedRule,&#xD;
              ri!pickedRule&#xD;
            }&#xD;
          ),&#xD;
          if(&#xD;
            and(not(isnull(local!pickedRule)), len(local!pickedRule) &gt; 0),&#xD;
            {&#xD;
              #&quot;SYSTEM_SYSRULES_textField&quot;(&#xD;
                label: &quot;New Name&quot;,&#xD;
                instructions: &quot;New name for rule/constant&quot;, &#xD;
                required: true,&#xD;
                validations: {&#xD;
                  if(&#xD;
                    isnull(local!newName), &#xD;
                    null,&#xD;
                    if(&#xD;
                      find(&quot; &quot;, local!newName) &lt;&gt; 0,&#xD;
                      &quot;New new cannot contain spaces&quot;,&#xD;
                      null&#xD;
                    )&#xD;
                  )&#xD;
                },&#xD;
                value: local!newName,&#xD;
                saveInto: {&#xD;
                  local!newName,&#xD;
                  ri!newName&#xD;
                }&#xD;
              )&#xD;
            },&#xD;
            {}&#xD;
          )&#xD;
        }&#xD;
      )&#xD;
    },&#xD;
    buttons: #&quot;SYSTEM_SYSRULES_ButtonLayout&quot;(&#xD;
      primaryButtons: {&#xD;
        #&quot;SYSTEM_SYSRULES_ButtonWidget&quot;(&#xD;
          label: &quot;Submit&quot;,&#xD;
          style: &quot;PRIMARY&quot;,&#xD;
          validate: true,&#xD;
          submit: true,&#xD;
          confirmMessage: &quot;The rule name will be updated within the designer and within all interface rules.  Any expression rules containing this rule will have to be manually updated to use the new name.&quot;,&#xD;
          saveInto: {&#xD;
            ri!newName &lt;&lt; #&quot;_a-0000d94b-6e9d-8000-927a-010000010000_440&quot;(local!newName, _)&#xD;
          }&#xD;
        ),&#xD;
      },&#xD;
      secondaryButtons: {&#xD;
        #&quot;_a-0000d94c-e571-8000-927a-010000010000_625&quot;(ri!action, &quot;system&quot;)&#xD;
      }&#xD;
    )&#xD;
  )&#xD;
)&#xD;
</definition>
        <namedTypedValue>
            <name>pickedRule</name>
            <type>
                <name>Save</name>
                <namespace>http://www.appian.com/ae/types/2009</namespace>
            </type>
            <value/>
        </namedTypedValue>
        <namedTypedValue>
            <name>newName</name>
            <type>
                <name>Save</name>
                <namespace>http://www.appian.com/ae/types/2009</namespace>
            </type>
            <value/>
        </namedTypedValue>
        <namedTypedValue>
            <name>action</name>
            <type>
                <name>Save</name>
                <namespace>http://www.appian.com/ae/types/2009</namespace>
            </type>
            <value/>
        </namedTypedValue>
        <preferredEditor>interface</preferredEditor>
    </rule>
    <roleMap public="true">
        <role allowForAll="false" inherit="true" name="readers">
            <users/>
            <groups/>
        </role>
        <role allowForAll="false" inherit="true" name="authors">
            <users/>
            <groups/>
        </role>
        <role allowForAll="false" inherit="true" name="administrators">
            <users>
                <userUuid>Administrator</userUuid>
            </users>
            <groups/>
        </role>
        <role allowForAll="false" inherit="false" name="denyReaders">
            <users/>
            <groups/>
        </role>
        <role allowForAll="false" inherit="false" name="denyAuthors">
            <users/>
            <groups/>
        </role>
        <role allowForAll="false" inherit="false" name="denyAdministrators">
            <users/>
            <groups/>
        </role>
    </roleMap>
</contentHaul>
