<?xml version="1.0" encoding="UTF-8" standalone="yes"?>
<contentHaul xmlns:a="http://www.appian.com/ae/types/2009">
    <rule>
        <name>UTIL_processModelDetailsForm</name>
        <uuid>1c70c386-9672-451a-9fe6-d26046c4338b</uuid>
        <description>Interface displaying process model details</description>
        <parentUuid>_a-0000d96e-b6d7-8000-927a-010000010000_1792</parentUuid>
        <visibility>
            <advertise>false</advertise>
            <hierarchy>true</hierarchy>
            <indexable>true</indexable>
            <quota>false</quota>
            <searchable>true</searchable>
            <system>false</system>
            <unlogged>false</unlogged>
        </visibility>
        <definition>load(&#xD;
  local!id,&#xD;
  local!uuid,&#xD;
  local!pickedProcessModel,&#xD;
  #&quot;SYSTEM_SYSRULES_formLayout&quot;(&#xD;
    label: &quot;Process Model Details&quot;,&#xD;
    instructions: &quot;Select a process model or enter an ID or UUID&quot;,&#xD;
    firstColumnContents: {&#xD;
      #&quot;SYSTEM_SYSRULES_pickerFieldCustom&quot;(&#xD;
        label: &quot;Process Model Name&quot;,&#xD;
        instructions: &quot;Select a process model&quot;,&#xD;
        maxSelections: 1,&#xD;
        suggestFunction: #&quot;_a-0000d94b-6e9d-8000-927a-010000010000_452&quot;(filter:_),&#xD;
        selectedLabels: if(&#xD;
          or(isnull(local!pickedProcessModel), count(local!pickedProcessModel) = 0),&#xD;
          null,&#xD;
          apply(#&quot;_a-0000d96e-b6d7-8000-927a-010000010000_1503&quot;, local!pickedProcessModel)&#xD;
        ),&#xD;
        required: false,&#xD;
        value: local!pickedProcessModel,&#xD;
        saveInto: {&#xD;
          local!pickedProcessModel,&#xD;
          local!uuid &lt;&lt; #&quot;_a-0000d94b-6e9d-8000-927a-010000010000_440&quot;(null, _),&#xD;
          local!id &lt;&lt; #&quot;_a-0000d94b-6e9d-8000-927a-010000010000_440&quot;(null, _)&#xD;
        }&#xD;
      ),&#xD;
      #&quot;SYSTEM_SYSRULES_integerField&quot;(&#xD;
        label: &quot;Process Model ID&quot;,&#xD;
        value: local!id,&#xD;
        saveInto: {&#xD;
          local!id,&#xD;
          local!uuid &lt;&lt; #&quot;_a-0000d94b-6e9d-8000-927a-010000010000_440&quot;(null, _),&#xD;
          local!pickedProcessModel &lt;&lt; #&quot;_a-0000d94b-6e9d-8000-927a-010000010000_440&quot;(null, _)&#xD;
        }&#xD;
      ),&#xD;
      #&quot;SYSTEM_SYSRULES_textField&quot;(&#xD;
        label: &quot;Process Model UUID&quot;,&#xD;
        value: local!uuid,&#xD;
        saveInto: {&#xD;
          local!uuid,&#xD;
          local!id &lt;&lt; #&quot;_a-0000d94b-6e9d-8000-927a-010000010000_440&quot;(null, _),&#xD;
          local!pickedProcessModel &lt;&lt; #&quot;_a-0000d94b-6e9d-8000-927a-010000010000_440&quot;(null, _)&#xD;
        }&#xD;
      ),&#xD;
      /* If ID isn't null show details */&#xD;
      if(&#xD;
        and(not(isnull(local!id)), len(local!id) &gt; 0),&#xD;
        #&quot;a1e5592f-269d-44b6-8bf7-9d4a0df02989&quot;(&#xD;
          labelValue: getProcessModelByUUID(local!id),&#xD;
          label: &quot;Process Model Details&quot;,&#xD;
          headers: #&quot;_a-0000d96e-b6d7-8000-927a-010000010000_1482&quot; &#xD;
        ),&#xD;
        {}&#xD;
      ),&#xD;
      /* If UUID isn't null show details */&#xD;
      if(&#xD;
        and(not(isnull(local!uuid)), len(local!uuid) &gt; 0),&#xD;
        #&quot;a1e5592f-269d-44b6-8bf7-9d4a0df02989&quot;(&#xD;
          labelValue: getProcessModelByUUID(local!uuid),&#xD;
          label: &quot;Process Model Details&quot;,&#xD;
          headers: #&quot;_a-0000d96e-b6d7-8000-927a-010000010000_1482&quot;&#xD;
        ),&#xD;
        {}&#xD;
      ),&#xD;
      /* If Picker isn't null show details */&#xD;
      if(&#xD;
        and(not(isnull(local!pickedProcessModel)), len(local!pickedProcessModel) &gt; 0),&#xD;
        #&quot;a1e5592f-269d-44b6-8bf7-9d4a0df02989&quot;(&#xD;
          labelValue: getProcessModelByUUID(local!pickedProcessModel),&#xD;
          label: &quot;Process Model Details&quot;,&#xD;
          headers: #&quot;_a-0000d96e-b6d7-8000-927a-010000010000_1482&quot;&#xD;
        ),&#xD;
        {}&#xD;
      )&#xD;
    },&#xD;
    buttons: #&quot;SYSTEM_SYSRULES_ButtonLayout&quot;(&#xD;
      primaryButtons: if(&#xD;
        or(&#xD;
          not(isnull(local!uuid)),&#xD;
          not(isnull(local!id)),&#xD;
          not(isnull(local!pickedProcessModel))&#xD;
        ),&#xD;
        #&quot;SYSTEM_SYSRULES_ButtonWidget&quot;(&#xD;
          label: &quot;View Process Model Settings&quot;,&#xD;
          style: &quot;PRIMARY&quot;,&#xD;
          validate: true,&#xD;
          validationGroup: &quot;settings&quot;,&#xD;
          value: &quot;process-settings&quot;,&#xD;
          submit: false,&#xD;
          saveInto: {&#xD;
            ri!processModelIds &lt;&lt; #&quot;_a-0000d94b-6e9d-8000-927a-010000010000_440&quot;(&#xD;
              reject(&#xD;
                fn!isnull,&#xD;
                {local!uuid, local!id, local!pickedProcessModel}&#xD;
              ),&#xD;
              _&#xD;
            ),&#xD;
            ri!action&#xD;
          }&#xD;
        ),&#xD;
        {}&#xD;
      ),&#xD;
      secondaryButtons: {&#xD;
        #&quot;_a-0000d94c-e571-8000-927a-010000010000_625&quot;(ri!action, &quot;system&quot;)&#xD;
      }&#xD;
    )&#xD;
  )&#xD;
)</definition>
        <namedTypedValue>
            <name>action</name>
            <type>
                <name>Save</name>
                <namespace>http://www.appian.com/ae/types/2009</namespace>
            </type>
            <value/>
        </namedTypedValue>
        <namedTypedValue>
            <name>processModelIds</name>
            <type>
                <name>Integer?list</name>
                <namespace>http://www.appian.com/ae/types/2009</namespace>
            </type>
        </namedTypedValue>
        <preferredEditor>interface</preferredEditor>
    </rule>
    <roleMap public="true">
        <role allowForAll="false" inherit="true" name="readers">
            <users/>
            <groups/>
        </role>
        <role allowForAll="false" inherit="true" name="authors">
            <users/>
            <groups/>
        </role>
        <role allowForAll="false" inherit="true" name="administrators">
            <users>
                <userUuid>Administrator</userUuid>
            </users>
            <groups/>
        </role>
        <role allowForAll="false" inherit="false" name="denyReaders">
            <users/>
            <groups/>
        </role>
        <role allowForAll="false" inherit="false" name="denyAuthors">
            <users/>
            <groups/>
        </role>
        <role allowForAll="false" inherit="false" name="denyAdministrators">
            <users/>
            <groups/>
        </role>
    </roleMap>
</contentHaul>
