<?xml version="1.0" encoding="UTF-8" standalone="yes"?>
<contentHaul xmlns:a="http://www.appian.com/ae/types/2009">
    <rule>
        <name>UTIL_mainMenuForm</name>
        <uuid>26e98a14-4463-4ba4-ba64-e0cad582077e</uuid>
        <description>Main Menu interface for System Utilities</description>
        <parentUuid>_a-0000d94b-6e9d-8000-927a-010000010000_446</parentUuid>
        <visibility>
            <advertise>false</advertise>
            <hierarchy>true</hierarchy>
            <indexable>true</indexable>
            <quota>false</quota>
            <searchable>true</searchable>
            <system>false</system>
            <unlogged>false</unlogged>
        </visibility>
        <definition>with(&#xD;
  local!contents:&#xD;
  /* Base System Utilities Form */&#xD;
  if(&#xD;
    or(isnull(ri!action), ri!action = &quot;system&quot;),&#xD;
    #&quot;c65d13c1-95f6-4e51-9c54-03da308ae74d&quot;(ri!action),&#xD;
  /* Content Utilities Form */&#xD;
  if(&#xD;
    ri!action = &quot;content&quot;,&#xD;
    #&quot;c682333c-113b-49bf-bb82-2a30e953efb8&quot;(ri!action),&#xD;
  /* Content Details Form */&#xD;
  if(&#xD;
    ri!action = &quot;content-details&quot;,&#xD;
    #&quot;07b2d6a4-518f-4231-b4f5-c2c38715e63b&quot;(ri!action),&#xD;
  /* Content Browser Form */&#xD;
  if(&#xD;
    ri!action = &quot;content-browser&quot;,&#xD;
    #&quot;_a-0000d874-0240-8000-2646-010000010000_219&quot;(ri!action),&#xD;
  /* Content Browser Form */&#xD;
  if(&#xD;
    ri!action = &quot;content-folder-searchability&quot;,&#xD;
    #&quot;_a-0000d970-1815-8000-927a-010000010000_1945&quot;(&#xD;
      action: ri!action,&#xD;
      folder: ri!folder,&#xD;
      boolean: ri!boolean&#xD;
    ),&#xD;
  /* Rules Utilities Form */&#xD;
  if(&#xD;
    ri!action = &quot;rules&quot;,&#xD;
    #&quot;2c9c4aa6-93a3-4b16-a48b-b908aa627bb1&quot;(ri!action),&#xD;
  /* Rules Renamer Form */&#xD;
  if(&#xD;
    ri!action = &quot;rules-rename-rule&quot;,&#xD;
    #&quot;13dae4ab-2453-494f-b19c-94541f070155&quot;(&#xD;
      action: ri!action,&#xD;
      pickedRule: ri!uuid, &#xD;
      newName: ri!name&#xD;
    ),&#xD;
  /* Rules Copier Form */&#xD;
  if(&#xD;
    ri!action = &quot;rules-copy-rule&quot;,&#xD;
    #&quot;e4482176-3434-4e06-9680-488b0f8b7703&quot;(&#xD;
      action: ri!action,&#xD;
      pickedRule: ri!uuid, &#xD;
      newName: ri!name,&#xD;
      folder: ri!folder&#xD;
    ),&#xD;
  /* Folder Renamer Form */&#xD;
  if(&#xD;
    ri!action = &quot;rules-rename-folder&quot;,&#xD;
    #&quot;91d1234c-593c-469b-905a-50a9aeda6e47&quot;(&#xD;
      action: ri!action,&#xD;
      pickedFolder: ri!uuid,&#xD;
      newName: ri!name,&#xD;
      newDescription: ri!description&#xD;
    ),&#xD;
  /* Process Models Utilities Form */&#xD;
  if(&#xD;
    ri!action = &quot;process&quot;,&#xD;
    #&quot;f6bab914-68c3-429b-bb1d-7f7d152f9d35&quot;(&#xD;
      action: ri!action&#xD;
    ),&#xD;
  /* Process Models Details Form */&#xD;
  if(&#xD;
    ri!action = &quot;process-details&quot;,&#xD;
    #&quot;1c70c386-9672-451a-9fe6-d26046c4338b&quot;(&#xD;
      action: ri!action&#xD;
    ),&#xD;
  /* Process Model Browser Form */&#xD;
  if(&#xD;
    ri!action = &quot;process-browser&quot;,&#xD;
    #&quot;23090485-9b2b-4e10-9a0f-6373eb0237e5&quot;(&#xD;
      action: ri!action,&#xD;
      processModelIds: ri!ids,&#xD;
      folderId: -1&#xD;
    ),&#xD;
  /* Process Model Settings Form */&#xD;
  if(&#xD;
    ri!action = &quot;process-settings&quot;,&#xD;
    #&quot;5048fbe5-c64d-4e6a-9fb2-6f4dfff9edf5&quot;(&#xD;
      action: ri!action,&#xD;
      processModelIds: ri!ids&#xD;
    ),&#xD;
  /* Legacy From to Sail */&#xD;
  if(&#xD;
    ri!action = &quot;design-form-legacy-sail&quot;,&#xD;
    #&quot;ba5ed38c-209e-46dc-8020-0befb817a754&quot;(&#xD;
      action: ri!action,&#xD;
      docs: ri!docs&#xD;
    ),&#xD;
  /* Legacy Report to Sail */&#xD;
  if(&#xD;
    ri!action = &quot;design-report-legacy-sail&quot;,&#xD;
    #&quot;_a-0000d8f7-11c2-8000-3ca7-0a000064044c_64927&quot;(&#xD;
      action: ri!action,&#xD;
      docs: ri!docs&#xD;
    ),&#xD;
  /* Design a Datatype XSD */&#xD;
  if(&#xD;
    ri!action = &quot;design-datatype-xsd&quot;,&#xD;
    #&quot;a28fde10-27f7-4925-a794-2285786763bc&quot; (&#xD;
      action: ri!action,&#xD;
      xsd: ri!uuid,&#xD;
      name: ri!name,&#xD;
      doc: ri!docs,&#xD;
      datatype: ri!datatype&#xD;
    ),&#xD;
  /* Design a Datatype XSD */&#xD;
  if(&#xD;
    ri!action = &quot;design-ddl-datatype&quot;,&#xD;
    #&quot;_a-0000d974-b5ee-8000-927a-010000010000_2341&quot; (&#xD;
      action: ri!action,&#xD;
      docs: ri!docs,&#xD;
      databaseType: ri!name,&#xD;
      ddl: ri!description&#xD;
    ),&#xD;
  /* Log Files Browser Form */&#xD;
  if(&#xD;
    ri!action = &quot;logs&quot;,&#xD;
    #&quot;0bf0304b-7d6a-4f0f-9e3f-75825adecc0c&quot;(&#xD;
      action: ri!action,&#xD;
      logFiles: ri!labels&#xD;
    ),&#xD;
  /* Log Files Form */&#xD;
  if(&#xD;
    ri!action = &quot;logs-docs&quot;,&#xD;
    #&quot;770cffec-37df-47c3-8ed1-65cfaec6fca0&quot;(&#xD;
      action: ri!action,&#xD;
      docs: ri!docs&#xD;
    ),&#xD;
    #&quot;c65d13c1-95f6-4e51-9c54-03da308ae74d&quot;(&#xD;
      action: ri!action&#xD;
    )&#xD;
  ))))))))))))))))))),&#xD;
  local!contents&#xD;
)</definition>
        <namedTypedValue>
            <name>uuid</name>
            <type>
                <name>string</name>
                <namespace>http://www.w3.org/2001/XMLSchema</namespace>
            </type>
            <value/>
        </namedTypedValue>
        <namedTypedValue>
            <name>name</name>
            <type>
                <name>string</name>
                <namespace>http://www.w3.org/2001/XMLSchema</namespace>
            </type>
            <value/>
        </namedTypedValue>
        <namedTypedValue>
            <name>description</name>
            <type>
                <name>string</name>
                <namespace>http://www.w3.org/2001/XMLSchema</namespace>
            </type>
            <value/>
        </namedTypedValue>
        <namedTypedValue>
            <name>action</name>
            <type>
                <name>string</name>
                <namespace>http://www.w3.org/2001/XMLSchema</namespace>
            </type>
            <value/>
        </namedTypedValue>
        <namedTypedValue>
            <name>ids</name>
            <type>
                <name>Variant</name>
                <namespace>http://www.appian.com/ae/types/2009</namespace>
            </type>
        </namedTypedValue>
        <namedTypedValue>
            <name>labels</name>
            <type>
                <name>Text?list</name>
                <namespace>http://www.appian.com/ae/types/2009</namespace>
            </type>
        </namedTypedValue>
        <namedTypedValue>
            <name>docs</name>
            <type>
                <name>CollaborationDocument?list</name>
                <namespace>http://www.appian.com/ae/types/2009</namespace>
            </type>
        </namedTypedValue>
        <namedTypedValue>
            <name>folder</name>
            <type>
                <name>CollaborationFolder</name>
                <namespace>http://www.appian.com/ae/types/2009</namespace>
            </type>
        </namedTypedValue>
        <namedTypedValue>
            <name>boolean</name>
            <type>
                <name>Boolean?list</name>
                <namespace>http://www.appian.com/ae/types/2009</namespace>
            </type>
        </namedTypedValue>
        <namedTypedValue>
            <name>datatype</name>
            <type>
                <name>Variant</name>
                <namespace>http://www.appian.com/ae/types/2009</namespace>
            </type>
        </namedTypedValue>
        <preferredEditor>interface</preferredEditor>
    </rule>
    <roleMap public="true">
        <role allowForAll="false" inherit="true" name="readers">
            <users/>
            <groups/>
        </role>
        <role allowForAll="false" inherit="true" name="authors">
            <users/>
            <groups/>
        </role>
        <role allowForAll="false" inherit="true" name="administrators">
            <users>
                <userUuid>Administrator</userUuid>
            </users>
            <groups/>
        </role>
        <role allowForAll="false" inherit="false" name="denyReaders">
            <users/>
            <groups/>
        </role>
        <role allowForAll="false" inherit="false" name="denyAuthors">
            <users/>
            <groups/>
        </role>
        <role allowForAll="false" inherit="false" name="denyAdministrators">
            <users/>
            <groups/>
        </role>
    </roleMap>
</contentHaul>
