<?xml version="1.0" encoding="UTF-8" standalone="yes"?>
<contentHaul xmlns:a="http://www.appian.com/ae/types/2009">
    <rule>
        <name>UTIL_rulesUtilsForm</name>
        <uuid>2c9c4aa6-93a3-4b16-a48b-b908aa627bb1</uuid>
        <description>Interface displaying all rules utility links</description>
        <parentUuid>_a-0000d96e-b6d7-8000-927a-010000010000_1794</parentUuid>
        <visibility>
            <advertise>false</advertise>
            <hierarchy>true</hierarchy>
            <indexable>true</indexable>
            <quota>false</quota>
            <searchable>true</searchable>
            <system>false</system>
            <unlogged>false</unlogged>
        </visibility>
        <definition>{
  #&quot;SYSTEM_SYSRULES_linkField&quot;(
    links: {
      #&quot;SYSTEM_SYSRULES_dynamicLink&quot;(
        label: &quot;Copy Rule or Constant&quot;,
          value: &quot;rules-copy-rule&quot;,
          saveInto: ri!action
        )
    }
  ),
  #&quot;SYSTEM_SYSRULES_linkField&quot;(
    links: {
      #&quot;SYSTEM_SYSRULES_dynamicLink&quot;(
        label: &quot;Rename Rule or Constant&quot;,
          value: &quot;rules-rename-rule&quot;,
          saveInto: ri!action
        )
    }
  ),
  #&quot;SYSTEM_SYSRULES_linkField&quot;(
    links: {
      #&quot;SYSTEM_SYSRULES_dynamicLink&quot;(
        label: &quot;Rename Rules Folder&quot;,
          value: &quot;rules-rename-folder&quot;,
          saveInto: ri!action
        )
    }
  )
}
</definition>
        <namedTypedValue>
            <name>action</name>
            <type>
                <name>Save</name>
                <namespace>http://www.appian.com/ae/types/2009</namespace>
            </type>
            <value/>
        </namedTypedValue>
        <preferredEditor>interface</preferredEditor>
    </rule>
    <roleMap public="true">
        <role allowForAll="false" inherit="true" name="readers">
            <users/>
            <groups/>
        </role>
        <role allowForAll="false" inherit="true" name="authors">
            <users/>
            <groups/>
        </role>
        <role allowForAll="false" inherit="true" name="administrators">
            <users>
                <userUuid>Administrator</userUuid>
            </users>
            <groups/>
        </role>
        <role allowForAll="false" inherit="false" name="denyReaders">
            <users/>
            <groups/>
        </role>
        <role allowForAll="false" inherit="false" name="denyAuthors">
            <users/>
            <groups/>
        </role>
        <role allowForAll="false" inherit="false" name="denyAdministrators">
            <users/>
            <groups/>
        </role>
    </roleMap>
</contentHaul>
