<?xml version="1.0" encoding="UTF-8" standalone="yes"?>
<contentHaul xmlns:a="http://www.appian.com/ae/types/2009">
    <rule>
        <name>UTIL_processModelSettingsForm</name>
        <uuid>5048fbe5-c64d-4e6a-9fb2-6f4dfff9edf5</uuid>
        <description>Interface displaying current process model settings</description>
        <parentUuid>_a-0000d96e-b6d7-8000-927a-010000010000_1792</parentUuid>
        <visibility>
            <advertise>false</advertise>
            <hierarchy>true</hierarchy>
            <indexable>true</indexable>
            <quota>false</quota>
            <searchable>true</searchable>
            <system>false</system>
            <unlogged>false</unlogged>
        </visibility>
        <definition>=load(&#xD;
  local!pickedRule,&#xD;
  local!newName,&#xD;
  local!gridSelection: #&quot;SYSTEM_SYSRULES_gridSelection&quot;(&#xD;
    pagingInfo: #&quot;SYSTEM_SYSRULES_pagingInfo&quot;(startIndex: 1, batchSize: -1)&#xD;
  ),&#xD;
  local!selectedRows,&#xD;
  with(&#xD;
    local!datasubset: todatasubset(getProcessModelSettings(ri!processModelIds)),&#xD;
    #&quot;SYSTEM_SYSRULES_formLayout&quot;(&#xD;
      label: &quot;Process Model Settings&quot;,&#xD;
      instructions: &quot;Select a rule to rename&quot;,&#xD;
      firstColumnContents: {&#xD;
        #&quot;SYSTEM_SYSRULES_gridField&quot;(&#xD;
          label: &quot;Selected Process Models&quot;,&#xD;
          columns: {&#xD;
            #&quot;SYSTEM_SYSRULES_gridTextColumn&quot;(&#xD;
              label: &quot;Name&quot;,&#xD;
              field: &quot;name&quot;,&#xD;
              data: local!datasubset.data.name&#xD;
            ),&#xD;
            #&quot;SYSTEM_SYSRULES_gridTextColumn&quot;(&#xD;
              label: &quot;Folder&quot;,&#xD;
              field: &quot;folderStructure&quot;,&#xD;
              data: local!datasubset.data.folderStructure&#xD;
            ),&#xD;
            #&quot;SYSTEM_SYSRULES_gridTextColumn&quot;(&#xD;
              label: &quot;ID&quot;,&#xD;
              field: &quot;id&quot;,&#xD;
              data: local!datasubset.data.id&#xD;
            ),&#xD;
            #&quot;SYSTEM_SYSRULES_gridTextColumn&quot;(&#xD;
              label: &quot;UUID&quot;,&#xD;
              field: &quot;uuid&quot;,&#xD;
              data: local!datasubset.data.uuid&#xD;
            ),&#xD;
            #&quot;SYSTEM_SYSRULES_gridTextColumn&quot;(&#xD;
              label: &quot;Security Settings&quot;,&#xD;
              field: &quot;administratorUsersAndGroups&quot;,&#xD;
              data: apply(&#xD;
                #&quot;_a-0000d94c-726a-8000-927a-010000010000_491&quot;,&#xD;
                local!datasubset.data&#xD;
              )&#xD;
            ),&#xD;
            #&quot;SYSTEM_SYSRULES_gridTextColumn&quot;(&#xD;
              label: &quot;Cleanup Settings&quot;,&#xD;
              field: &quot;cleanupType&quot;,&#xD;
              data: apply(&#xD;
                #&quot;_a-0000d94c-726a-8000-927a-010000010000_492&quot;,&#xD;
                local!datasubset.data&#xD;
              )&#xD;
            ),&#xD;
            #&quot;SYSTEM_SYSRULES_gridTextColumn&quot;(&#xD;
              label: &quot;Alerts&quot;,&#xD;
              field: &quot;alerts&quot;,&#xD;
              data: apply(&#xD;
                #&quot;_a-0000d94c-726a-8000-927a-010000010000_494&quot;,&#xD;
                local!datasubset.data&#xD;
              )&#xD;
            )&#xD;
          },&#xD;
          selection: true,&#xD;
          identifiers: if(&#xD;
            local!dataSubset.totalCount &gt; 0,&#xD;
            tointeger(local!dataSubset.data.id),&#xD;
            {}&#xD;
          ),&#xD;
          value: local!gridSelection,&#xD;
          validations:{&#xD;
            if(&#xD;
              not(isnull(local!selectedRows)),&#xD;
              if(&#xD;
                length(local!selectedRows) &gt; 0,&#xD;
                null,&#xD;
                &quot;One row must be selected&quot;&#xD;
              ),&#xD;
              &quot;One row must be selected&quot;&#xD;
            ),&#xD;
          },&#xD;
          validationGroup: &quot;update&quot;,&#xD;
          totalCount: local!datasubset.totalCount,&#xD;
          saveInto: {&#xD;
            local!gridSelection,&#xD;
            local!selectedRows &lt;&lt; index(_, &quot;selected&quot;, null)&#xD;
          }&#xD;
        )&#xD;
      },&#xD;
      buttons: #&quot;SYSTEM_SYSRULES_ButtonLayout&quot;(&#xD;
        primaryButtons: {&#xD;
          #&quot;SYSTEM_SYSRULES_ButtonWidget&quot;(&#xD;
            label: &quot;Update Settings&quot;,&#xD;
            style: &quot;PRIMARY&quot;,&#xD;
            validate: true,&#xD;
            validationGroup: &quot;update&quot;,&#xD;
            submit: true,&#xD;
            value: local!selectedRows,&#xD;
            saveInto: ri!processModelIds&#xD;
          )&#xD;
        },&#xD;
        secondaryButtons: {&#xD;
          #&quot;_a-0000d94c-e571-8000-927a-010000010000_625&quot;(ri!action, &quot;process-browser&quot;)&#xD;
        }&#xD;
      )&#xD;
    )&#xD;
  )&#xD;
)&#xD;
</definition>
        <namedTypedValue>
            <name>action</name>
            <type>
                <name>Save</name>
                <namespace>http://www.appian.com/ae/types/2009</namespace>
            </type>
            <value/>
        </namedTypedValue>
        <namedTypedValue>
            <name>processModelIds</name>
            <type>
                <name>Integer?list</name>
                <namespace>http://www.appian.com/ae/types/2009</namespace>
            </type>
        </namedTypedValue>
        <preferredEditor>interface</preferredEditor>
    </rule>
    <roleMap public="true">
        <role allowForAll="false" inherit="true" name="readers">
            <users/>
            <groups/>
        </role>
        <role allowForAll="false" inherit="true" name="authors">
            <users/>
            <groups/>
        </role>
        <role allowForAll="false" inherit="true" name="administrators">
            <users>
                <userUuid>Administrator</userUuid>
            </users>
            <groups/>
        </role>
        <role allowForAll="false" inherit="false" name="denyReaders">
            <users/>
            <groups/>
        </role>
        <role allowForAll="false" inherit="false" name="denyAuthors">
            <users/>
            <groups/>
        </role>
        <role allowForAll="false" inherit="false" name="denyAdministrators">
            <users/>
            <groups/>
        </role>
    </roleMap>
</contentHaul>
