<?xml version="1.0" encoding="UTF-8" standalone="yes"?>
<contentHaul xmlns:a="http://www.appian.com/ae/types/2009">
    <rule>
        <name>UTIL_rulesFolderPicker</name>
        <uuid>5857ecef-93f2-46b1-8712-379d8312509d</uuid>
        <description>Rules folder picker</description>
        <parentUuid>_a-0000d94b-6e9d-8000-927a-010000010000_446</parentUuid>
        <visibility>
            <advertise>false</advertise>
            <hierarchy>true</hierarchy>
            <indexable>true</indexable>
            <quota>false</quota>
            <searchable>true</searchable>
            <system>false</system>
            <unlogged>false</unlogged>
        </visibility>
        <definition>load(&#xD;
  local!pickedFolder,&#xD;
  #&quot;SYSTEM_SYSRULES_pickerFieldCustom&quot;(&#xD;
    label: &quot;Folder&quot;,&#xD;
    instructions: &quot;Search by name and description&quot;,&#xD;
    maxSelections: 1,&#xD;
    suggestFunction: #&quot;_a-0000d94b-31b1-8000-927a-010000010000_407&quot;(filter:_),&#xD;
    selectedLabels: if(&#xD;
      or(isnull(local!pickedFolder), count(local!pickedFolder) = 0),&#xD;
      null,&#xD;
      apply(#&quot;_a-0000d96e-b6d7-8000-927a-010000010000_1516&quot;, local!pickedFolder)&#xD;
    ),&#xD;
    required: ri!required,&#xD;
    value: local!pickedFolder,&#xD;
    saveInto: {&#xD;
      local!pickedFolder,&#xD;
      ri!pickedFolder,&#xD;
      ri!folder &lt;&lt; #&quot;_a-0000d971-68fb-8000-927a-010000010000_2033&quot;&#xD;
    }&#xD;
  )&#xD;
)</definition>
        <namedTypedValue>
            <name>pickedFolder</name>
            <type>
                <name>string</name>
                <namespace>http://www.w3.org/2001/XMLSchema</namespace>
            </type>
            <value/>
        </namedTypedValue>
        <namedTypedValue>
            <name>folder</name>
            <type>
                <name>CollaborationFolder</name>
                <namespace>http://www.appian.com/ae/types/2009</namespace>
            </type>
        </namedTypedValue>
        <namedTypedValue>
            <name>required</name>
            <type>
                <name>boolean</name>
                <namespace>http://www.w3.org/2001/XMLSchema</namespace>
            </type>
        </namedTypedValue>
        <preferredEditor>interface</preferredEditor>
    </rule>
    <roleMap public="true">
        <role allowForAll="false" inherit="true" name="readers">
            <users/>
            <groups/>
        </role>
        <role allowForAll="false" inherit="true" name="authors">
            <users/>
            <groups/>
        </role>
        <role allowForAll="false" inherit="true" name="administrators">
            <users>
                <userUuid>mchirlin</userUuid>
            </users>
            <groups/>
        </role>
        <role allowForAll="false" inherit="false" name="denyReaders">
            <users/>
            <groups/>
        </role>
        <role allowForAll="false" inherit="false" name="denyAuthors">
            <users/>
            <groups/>
        </role>
        <role allowForAll="false" inherit="false" name="denyAdministrators">
            <users/>
            <groups/>
        </role>
    </roleMap>
</contentHaul>
