<?xml version="1.0" encoding="UTF-8" standalone="yes"?>
<contentHaul xmlns:a="http://www.appian.com/ae/types/2009">
    <rule>
        <name>UTIL_rulePicker</name>
        <uuid>60e87a95-0aa7-4c20-a07c-2949e5f2c9a2</uuid>
        <description>Rule picker</description>
        <parentUuid>_a-0000d94b-6e9d-8000-927a-010000010000_446</parentUuid>
        <visibility>
            <advertise>false</advertise>
            <hierarchy>true</hierarchy>
            <indexable>true</indexable>
            <quota>false</quota>
            <searchable>true</searchable>
            <system>false</system>
            <unlogged>false</unlogged>
        </visibility>
        <definition>load(&#xD;
  local!pickedRule,&#xD;
    #&quot;SYSTEM_SYSRULES_pickerFieldCustom&quot;(&#xD;
    label: &quot;Rule&quot;,&#xD;
    instructions: &quot;Search by name and description&quot;,&#xD;
    maxSelections: 1,&#xD;
    suggestFunction: #&quot;_a-0000d94b-31b1-8000-927a-010000010000_395&quot;(filter:_),&#xD;
    selectedLabels: if(&#xD;
      #&quot;_a-0000d970-1815-8000-927a-010000010000_1982&quot;(local!pickedRule),&#xD;
      null,&#xD;
      apply(#&quot;_a-0000d96e-b6d7-8000-927a-010000010000_1516&quot;, local!pickedRule)&#xD;
    ),&#xD;
    required: true,&#xD;
    value: local!pickedRule,&#xD;
    saveInto: {&#xD;
      ri!pickedRule,&#xD;
      local!pickedRule&#xD;
    }&#xD;
  )&#xD;
)</definition>
        <namedTypedValue>
            <name>pickedRule</name>
            <type>
                <name>string</name>
                <namespace>http://www.w3.org/2001/XMLSchema</namespace>
            </type>
            <value/>
        </namedTypedValue>
        <preferredEditor>interface</preferredEditor>
    </rule>
    <roleMap public="true">
        <role allowForAll="false" inherit="true" name="readers">
            <users/>
            <groups/>
        </role>
        <role allowForAll="false" inherit="true" name="authors">
            <users/>
            <groups/>
        </role>
        <role allowForAll="false" inherit="true" name="administrators">
            <users>
                <userUuid>mchirlin</userUuid>
            </users>
            <groups/>
        </role>
        <role allowForAll="false" inherit="false" name="denyReaders">
            <users/>
            <groups/>
        </role>
        <role allowForAll="false" inherit="false" name="denyAuthors">
            <users/>
            <groups/>
        </role>
        <role allowForAll="false" inherit="false" name="denyAdministrators">
            <users/>
            <groups/>
        </role>
    </roleMap>
</contentHaul>
