<?xml version="1.0" encoding="UTF-8" standalone="yes"?>
<contentHaul xmlns:a="http://www.appian.com/ae/types/2009">
    <rule>
        <name>UTIL_logFilesForm</name>
        <uuid>770cffec-37df-47c3-8ed1-65cfaec6fca0</uuid>
        <description></description>
        <parentUuid>_a-0000d94b-6e9d-8000-927a-010000010000_446</parentUuid>
        <visibility>
            <advertise>false</advertise>
            <hierarchy>true</hierarchy>
            <indexable>true</indexable>
            <quota>false</quota>
            <searchable>true</searchable>
            <system>false</system>
            <unlogged>false</unlogged>
        </visibility>
        <definition>=load(&#xD;
  local!pickedRule,&#xD;
  local!newName,&#xD;
  local!pagingInfo: #&quot;SYSTEM_SYSRULES_pagingInfo&quot;(&#xD;
    startIndex: 1,&#xD;
    batchSize: -1&#xD;
  ),&#xD;
  #&quot;SYSTEM_SYSRULES_formLayout&quot;(&#xD;
    label: &quot;Log Files&quot;,&#xD;
    firstColumnContents: {&#xD;
      if(&#xD;
        not(isnull(ri!docs)),&#xD;
        #&quot;SYSTEM_SYSRULES_gridField&quot;(&#xD;
          label:&quot;&quot;,&#xD;
          columns: {&#xD;
            #&quot;SYSTEM_SYSRULES_gridTextColumn&quot;(&#xD;
              data: {&#xD;
                apply(&#xD;
                  fn!document,&#xD;
                  ri!docs,&#xD;
                  &quot;name&quot;&#xD;
                )&#xD;
              },&#xD;
              label:&quot;Log&quot;,&#xD;
              links: {&#xD;
                apply(&#xD;
                  #&quot;_a-0000d94c-e571-8000-927a-010000010000_592&quot;,&#xD;
                  ri!docs&#xD;
                )&#xD;
              }&#xD;
            ),&#xD;
            #&quot;SYSTEM_SYSRULES_gridTextColumn&quot;(&#xD;
              label: &quot;Extension&quot;,&#xD;
              data: {&#xD;
                apply(&#xD;
                  fn!document,&#xD;
                  ri!docs,&#xD;
                  &quot;extension&quot;&#xD;
                )&#xD;
              }&#xD;
            ),&#xD;
            #&quot;SYSTEM_SYSRULES_gridTextColumn&quot;(&#xD;
              label: &quot;Size (bytes)&quot;,&#xD;
              data: {&#xD;
                apply(&#xD;
                  fn!document,&#xD;
                  ri!docs,&#xD;
                  &quot;size&quot;&#xD;
                )&#xD;
              }&#xD;
            ),&#xD;
            #&quot;SYSTEM_SYSRULES_gridTextColumn&quot;(&#xD;
              label: &quot;Date Created&quot;,&#xD;
              data: {&#xD;
                apply(&#xD;
                  fn!document,&#xD;
                  ri!docs,&#xD;
                  &quot;dateCreated&quot;&#xD;
                )&#xD;
              }&#xD;
            )&#xD;
          },&#xD;
          value: local!pagingInfo,&#xD;
          totalCount: length(ri!docs)&#xD;
        ),&#xD;
        #&quot;SYSTEM_SYSRULES_textField&quot;(&#xD;
          value: &quot;No Documents&quot;,&#xD;
          readonly: true&#xD;
        )&#xD;
      )&#xD;
    },&#xD;
    buttons: #&quot;SYSTEM_SYSRULES_ButtonLayout&quot;(&#xD;
      primaryButtons: {&#xD;
        #&quot;SYSTEM_SYSRULES_ButtonWidget&quot;(&#xD;
          label: &quot;Back&quot;,&#xD;
          validate: false,&#xD;
          submit: false,&#xD;
          value: &quot;logs&quot;,&#xD;
          saveInto: ri!action&#xD;
        ),&#xD;
        #&quot;SYSTEM_SYSRULES_ButtonWidget&quot;(&#xD;
          label: &quot;Cancel&quot;,&#xD;
          validate: false,&#xD;
          submit: true,&#xD;
          value: &quot;cancel&quot;,&#xD;
          saveInto: ri!action&#xD;
        )&#xD;
      }&#xD;
    )&#xD;
  )&#xD;
)&#xD;
</definition>
        <namedTypedValue>
            <name>docs</name>
            <type>
                <name>CollaborationDocument?list</name>
                <namespace>http://www.appian.com/ae/types/2009</namespace>
            </type>
        </namedTypedValue>
        <namedTypedValue>
            <name>action</name>
            <type>
                <name>string</name>
                <namespace>http://www.w3.org/2001/XMLSchema</namespace>
            </type>
            <value/>
        </namedTypedValue>
        <preferredEditor>interface</preferredEditor>
    </rule>
    <roleMap public="true">
        <role allowForAll="false" inherit="true" name="readers">
            <users/>
            <groups/>
        </role>
        <role allowForAll="false" inherit="true" name="authors">
            <users/>
            <groups/>
        </role>
        <role allowForAll="false" inherit="true" name="administrators">
            <users>
                <userUuid>Administrator</userUuid>
            </users>
            <groups/>
        </role>
        <role allowForAll="false" inherit="false" name="denyReaders">
            <users/>
            <groups/>
        </role>
        <role allowForAll="false" inherit="false" name="denyAuthors">
            <users/>
            <groups/>
        </role>
        <role allowForAll="false" inherit="false" name="denyAdministrators">
            <users/>
            <groups/>
        </role>
    </roleMap>
</contentHaul>
