<?xml version="1.0" encoding="UTF-8" standalone="yes"?>
<contentHaul xmlns:a="http://www.appian.com/ae/types/2009">
    <rule>
        <name>UTIL_contentFolderSearchabilityForm</name>
        <uuid>_a-0000d970-1815-8000-927a-010000010000_1945</uuid>
        <description></description>
        <parentUuid>_a-0000d96e-b6d7-8000-927a-010000010000_1795</parentUuid>
        <visibility>
            <advertise>false</advertise>
            <hierarchy>true</hierarchy>
            <indexable>true</indexable>
            <quota>false</quota>
            <searchable>true</searchable>
            <system>false</system>
            <unlogged>false</unlogged>
        </visibility>
        <definition>=load(&#xD;
  local!pickedFolder: null,&#xD;
  local!searchable,&#xD;
  local!recursive,&#xD;
  local!updated,&#xD;
  with(&#xD;
    local!folder: getContentByUuid(tostring(local!pickedFolder)),&#xD;
    #&quot;SYSTEM_SYSRULES_formLayout&quot;(&#xD;
      label: &quot;Folder Searchability&quot;,&#xD;
      instructions: &quot;Update Folder Searchability&quot;,&#xD;
      firstColumnContents: {&#xD;
        #&quot;SYSTEM_SYSRULES_integerField&quot;(&#xD;
          label: &quot;Folder Id&quot;,&#xD;
          instruction: &quot;Type the Id of the Folder to search&quot;,&#xD;
          value: local!pickedFolder,&#xD;
          saveInto:{&#xD;
            local!pickedFolder&#xD;
          }&#xD;
        ),&#xD;
        if(&#xD;
          and(not(isnull(local!pickedFolder)), len(local!pickedFolder) &gt; 0),&#xD;
          {&#xD;
            #&quot;SYSTEM_SYSRULES_checkboxField&quot;(&#xD;
              label: &quot;Searchable&quot;,&#xD;
              value: local!searchable,&#xD;
              choiceLabels: {&quot;Yes&quot;},&#xD;
              choiceValues: {true},&#xD;
              saveInto: {&#xD;
                local!searchable&#xD;
              }&#xD;
            ),&#xD;
            #&quot;SYSTEM_SYSRULES_checkboxField&quot;(&#xD;
              label: &quot;Recursively Update&quot;,&#xD;
              instructions: &quot;If checked, will recursively update child folders and documents&quot;,&#xD;
              choiceLabels: {&quot;Yes&quot;},&#xD;
              choiceValues: {true},&#xD;
              value: local!recursive,&#xD;
              saveInto: {&#xD;
                local!recursive&#xD;
              }&#xD;
            )&#xD;
          },&#xD;
          {}&#xD;
        )&#xD;
      },&#xD;
      buttons: #&quot;SYSTEM_SYSRULES_ButtonLayout&quot;(&#xD;
        primaryButtons: {&#xD;
          #&quot;SYSTEM_SYSRULES_ButtonWidget&quot;(&#xD;
            label: &quot;Update&quot;,&#xD;
            style: &quot;PRIMARY&quot;,&#xD;
            validate: true,&#xD;
            submit: true,&#xD;
            value: &quot;submit&quot;,&#xD;
            saveInto: {&#xD;
              ri!boolean &lt;&lt; #&quot;_a-0000d94b-6e9d-8000-927a-010000010000_440&quot;(&#xD;
                {toboolean(local!searchable), toboolean(local!recursive)},&#xD;
                _&#xD;
              ),&#xD;
              ri!folder &lt;&lt; #&quot;_a-0000d94b-6e9d-8000-927a-010000010000_440&quot;(&#xD;
                tofolder(local!pickedFolder),&#xD;
                _&#xD;
              )&#xD;
            }&#xD;
          )&#xD;
        },&#xD;
        secondaryButtons: {&#xD;
          #&quot;_a-0000d94c-e571-8000-927a-010000010000_625&quot;(ri!action, &quot;system&quot;)&#xD;
        }&#xD;
      )&#xD;
    )&#xD;
  )&#xD;
)&#xD;
</definition>
        <namedTypedValue>
            <name>folder</name>
            <type>
                <name>CollaborationFolder</name>
                <namespace>http://www.appian.com/ae/types/2009</namespace>
            </type>
        </namedTypedValue>
        <namedTypedValue>
            <name>action</name>
            <type>
                <name>Save</name>
                <namespace>http://www.appian.com/ae/types/2009</namespace>
            </type>
            <value/>
        </namedTypedValue>
        <namedTypedValue>
            <name>boolean</name>
            <type>
                <name>Boolean?list</name>
                <namespace>http://www.appian.com/ae/types/2009</namespace>
            </type>
        </namedTypedValue>
        <preferredEditor>interface</preferredEditor>
    </rule>
    <roleMap public="true">
        <role allowForAll="false" inherit="true" name="readers">
            <users/>
            <groups/>
        </role>
        <role allowForAll="false" inherit="true" name="authors">
            <users/>
            <groups/>
        </role>
        <role allowForAll="false" inherit="true" name="administrators">
            <users>
                <userUuid>mchirlin</userUuid>
            </users>
            <groups/>
        </role>
        <role allowForAll="false" inherit="false" name="denyReaders">
            <users/>
            <groups/>
        </role>
        <role allowForAll="false" inherit="false" name="denyAuthors">
            <users/>
            <groups/>
        </role>
        <role allowForAll="false" inherit="false" name="denyAdministrators">
            <users/>
            <groups/>
        </role>
    </roleMap>
</contentHaul>
