<?xml version="1.0" encoding="UTF-8" standalone="yes"?>
<contentHaul xmlns:a="http://www.appian.com/ae/types/2009">
    <rule>
        <name>UTIL_tempoBarChartFromDesignerReport</name>
        <uuid>_a-0000d8f7-11c2-8000-3ca7-0a000064044c_64911</uuid>
        <description>All-purpose conversion from designer report.
-Dynamic # of Columns / Series
-Allow custom colors
-Leave legend blank to use column names, or provide your own.
-Assumption: First column is grouping/category column</description>
        <parentUuid>_a-0000d96e-b6d7-8000-927a-010000010000_1793</parentUuid>
        <visibility>
            <advertise>false</advertise>
            <hierarchy>true</hierarchy>
            <indexable>true</indexable>
            <quota>false</quota>
            <searchable>true</searchable>
            <system>false</system>
            <unlogged>false</unlogged>
        </visibility>
        <definition>=with(&#xD;
local!cids:if(isnull(ri!contextIDs),{},ri!contextIDs),&#xD;
local!pinfo:topaginginfo(1,if(isnull(ri!batchSize),10,ri!batchSize)),&#xD;
local!myData:getportalreportdatasubset( reportId:ri!reportDoc, pagingInfo:pinfo,contextIds:cids),&#xD;
local!numColumns:length(local!myData.columns),&#xD;
&#xD;
local!legend:if(#&quot;_a-0000d970-1815-8000-927a-010000010000_1982&quot;(ri!legendArrayOptional),&#xD;
  ldrop(local!myData.columns.label,1),&#xD;
  ri!legendArrayOptional&#xD;
  ),&#xD;
&#xD;
  #&quot;SYSTEM_SYSRULES_barChartField&quot;(&#xD;
   label:ri!label,&#xD;
   instructions:ri!instructions,&#xD;
   categories:local!myData.data[1].cells.value,&#xD;
   showDataLabels:ri!showDataLabels,&#xD;
   showTooltips:ri!showTooltips,&#xD;
   showLegend:or(local!numColumns&gt;2,not(#&quot;_a-0000d970-1815-8000-927a-010000010000_1982&quot;(ri!legendArrayOptional))),&#xD;
   series:{&#xD;
     apply(&#xD;
       #&quot;_a-0000d8f7-11c2-8000-3ca7-0a000064044c_64909&quot;(x:_ ,&#xD;
       fullColorList:ri!barColors , &#xD;
       fullDataArray:ldrop(local!myData.data,1), &#xD;
       legendArray:local!legend),&#xD;
       enumerate(local!numColumns-1)+1&#xD;
       )&#xD;
   },&#xD;
   stacking:if(ri!isStacked,&quot;NORMAL&quot;,&quot;NONE&quot;)&#xD;
  )&#xD;
&#xD;
)</definition>
        <namedTypedValue>
            <name>label</name>
            <type>
                <name>string</name>
                <namespace>http://www.w3.org/2001/XMLSchema</namespace>
            </type>
            <value/>
        </namedTypedValue>
        <namedTypedValue>
            <name>instructions</name>
            <type>
                <name>string</name>
                <namespace>http://www.w3.org/2001/XMLSchema</namespace>
            </type>
            <value/>
        </namedTypedValue>
        <namedTypedValue>
            <name>reportdoc</name>
            <type>
                <name>CollaborationDocument</name>
                <namespace>http://www.appian.com/ae/types/2009</namespace>
            </type>
        </namedTypedValue>
        <namedTypedValue>
            <name>batchsize</name>
            <type>
                <name>int</name>
                <namespace>http://www.w3.org/2001/XMLSchema</namespace>
            </type>
        </namedTypedValue>
        <namedTypedValue>
            <name>contextids</name>
            <type>
                <name>Integer?list</name>
                <namespace>http://www.appian.com/ae/types/2009</namespace>
            </type>
        </namedTypedValue>
        <namedTypedValue>
            <name>barcolors</name>
            <type>
                <name>Text?list</name>
                <namespace>http://www.appian.com/ae/types/2009</namespace>
            </type>
        </namedTypedValue>
        <namedTypedValue>
            <name>isstacked</name>
            <type>
                <name>boolean</name>
                <namespace>http://www.w3.org/2001/XMLSchema</namespace>
            </type>
        </namedTypedValue>
        <namedTypedValue>
            <name>legendarrayoptional</name>
            <type>
                <name>Text?list</name>
                <namespace>http://www.appian.com/ae/types/2009</namespace>
            </type>
        </namedTypedValue>
        <namedTypedValue>
            <name>showdatalabels</name>
            <type>
                <name>boolean</name>
                <namespace>http://www.w3.org/2001/XMLSchema</namespace>
            </type>
        </namedTypedValue>
        <namedTypedValue>
            <name>showtooltips</name>
            <type>
                <name>boolean</name>
                <namespace>http://www.w3.org/2001/XMLSchema</namespace>
            </type>
        </namedTypedValue>
        <preferredEditor>interface</preferredEditor>
    </rule>
    <roleMap public="true">
        <role allowForAll="false" inherit="true" name="readers">
            <users/>
            <groups/>
        </role>
        <role allowForAll="false" inherit="true" name="authors">
            <users/>
            <groups/>
        </role>
        <role allowForAll="false" inherit="true" name="administrators">
            <users/>
            <groups/>
        </role>
        <role allowForAll="false" inherit="false" name="denyReaders">
            <users/>
            <groups/>
        </role>
        <role allowForAll="false" inherit="false" name="denyAuthors">
            <users/>
            <groups/>
        </role>
        <role allowForAll="false" inherit="false" name="denyAdministrators">
            <users/>
            <groups/>
        </role>
    </roleMap>
</contentHaul>
