<?xml version="1.0" encoding="UTF-8" standalone="yes"?>
<contentHaul xmlns:a="http://www.appian.com/ae/types/2009">
    <rule>
        <name>UTIL_containsFolderWithFiles</name>
        <uuid>_a-0000d934-d5e7-8000-9ba2-011c48011c48_118578</uuid>
        <description>If a folder, does it contain children</description>
        <parentUuid>_a-0000d970-1815-8000-927a-010000010000_1851</parentUuid>
        <visibility>
            <advertise>false</advertise>
            <hierarchy>true</hierarchy>
            <indexable>true</indexable>
            <quota>false</quota>
            <searchable>true</searchable>
            <system>false</system>
            <unlogged>false</unlogged>
        </visibility>
        <definition>=if(
  rule!CB_isFolder(ri!docOrFolder),
  with(
    local!docs: getdocumentsfromfolder(
      tofolder(
        ri!docOrFolder
      ),
      false()
    ),
    local!folders: getsubfoldersfromfolder(
      tofolder(
        ri!docOrFolder
      ),
      false()
    ),
    or(
      length(local!docs) &gt; 0,
      length(local!folders) &gt; 0
    )
  ),
  false()
)</definition>
        <namedTypedValue>
            <name>docOrFolder</name>
            <type>
                <name>CollaborationDocumentOrFolder</name>
                <namespace>http://www.appian.com/ae/types/2009</namespace>
            </type>
        </namedTypedValue>
        <preferredEditor>legacy</preferredEditor>
    </rule>
    <roleMap public="true">
        <role allowForAll="false" inherit="true" name="readers">
            <users/>
            <groups/>
        </role>
        <role allowForAll="false" inherit="true" name="authors">
            <users/>
            <groups/>
        </role>
        <role allowForAll="false" inherit="true" name="administrators">
            <users/>
            <groups/>
        </role>
        <role allowForAll="false" inherit="false" name="denyReaders">
            <users/>
            <groups/>
        </role>
        <role allowForAll="false" inherit="false" name="denyAuthors">
            <users/>
            <groups/>
        </role>
        <role allowForAll="false" inherit="false" name="denyAdministrators">
            <users/>
            <groups/>
        </role>
    </roleMap>
</contentHaul>
