<?xml version="1.0" encoding="UTF-8" standalone="yes"?>
<contentHaul xmlns:a="http://www.appian.com/ae/types/2009">
    <rule>
        <name>UTIL_returnSailForm</name>
        <uuid>_a-0000d96e-b6d7-8000-927a-010000010000_1652</uuid>
        <description>Return sail form</description>
        <parentUuid>_a-0000d94b-6e9d-8000-927a-010000010000_445</parentUuid>
        <visibility>
            <advertise>false</advertise>
            <hierarchy>true</hierarchy>
            <indexable>true</indexable>
            <quota>false</quota>
            <searchable>true</searchable>
            <system>false</system>
            <unlogged>false</unlogged>
        </visibility>
        <definition>#&quot;SYSTEM_SYSRULES_formLayout&quot;(&#xD;
  label: &quot;Title&quot;,&#xD;
  instructions: &quot;Instructions&quot;,&#xD;
  firstColumnContents: {&#xD;
#&quot;SYSTEM_SYSRULES_sectionLayout&quot;(&#xD;
  label: &quot;Paging Grid Section&quot;,&#xD;
  firstColumnContents: {&#xD;
load(&#xD;
  local!gridpaging8PagingInfo: #&quot;SYSTEM_SYSRULES_pagingInfo&quot;(&#xD;
  startIndex: &quot;1&quot;,&#xD;
  batchSize: &quot;10&quot;,&#xD;
  sort: #&quot;SYSTEM_SYSRULES_sortInfo&quot;(&#xD;
  ascending: &quot;true&quot;&#xD;
)&#xD;
),&#xD;
with(&#xD;
  local!gridpaging8GridData: #&quot;5d025929-7018-4d8a-92f3-c839bff9896d&quot;(date(2013,1,1), local!gridpaging8PagingInfo),&#xD;
#&quot;SYSTEM_SYSRULES_gridField&quot;(&#xD;
  label: &quot;Label&quot;,&#xD;
  required: false,&#xD;
  value: local!gridpaging8PagingInfo,&#xD;
  saveInto: {local!gridpaging8PagingInfo},&#xD;
  totalCount: local!gridpaging8GridData.totalCount,&#xD;
  columns: {&#xD;
#&quot;SYSTEM_SYSRULES_gridTextColumn&quot;(&#xD;
  label: &quot;Note ID&quot;,&#xD;
  field: &quot;noteId&quot;,&#xD;
  data: local!gridpaging8GridData.data.noteId&#xD;
),&#xD;
#&quot;SYSTEM_SYSRULES_gridTextColumn&quot;(&#xD;
  label: &quot;Process Area&quot;,&#xD;
  field: &quot;processArea&quot;,&#xD;
  data: local!gridpaging8GridData.data.processArea&#xD;
)&#xD;
}&#xD;
)  )&#xD;
)&#xD;
&#xD;
}&#xD;
),&#xD;
#&quot;SYSTEM_SYSRULES_sectionLayout&quot;(&#xD;
  label: &quot;Value Section&quot;,&#xD;
  firstColumnContents: {&#xD;
#&quot;SYSTEM_SYSRULES_textField&quot;(&#xD;
  label: &quot;Name&quot;,&#xD;
  required: false,&#xD;
  readOnly: false&#xD;
),&#xD;
#&quot;SYSTEM_SYSRULES_textField&quot;(&#xD;
  label: &quot;Description&quot;,&#xD;
  required: false,&#xD;
  readOnly: false&#xD;
)&#xD;
},&#xD;
  secondColumnContents: {&#xD;
#&quot;SYSTEM_SYSRULES_integerField&quot;(&#xD;
  label: &quot;Number&quot;,&#xD;
  required: false,&#xD;
  readOnly: false&#xD;
)&#xD;
}&#xD;
)&#xD;
},&#xD;
buttons: {&#xD;
#&quot;SYSTEM_SYSRULES_ButtonLayout&quot;(&#xD;
  primaryButtons: {&#xD;
#&quot;SYSTEM_SYSRULES_ButtonWidget&quot;(&#xD;
  label: &quot;Submit&quot;,&#xD;
  required: false,&#xD;
  style: &quot;NORMAL&quot;,&#xD;
  validate: true,&#xD;
  submit: true&#xD;
)&#xD;
}&#xD;
)&#xD;
}&#xD;
)</definition>
        <preferredEditor>legacy</preferredEditor>
    </rule>
    <roleMap public="true">
        <role allowForAll="false" inherit="true" name="readers">
            <users/>
            <groups/>
        </role>
        <role allowForAll="false" inherit="true" name="authors">
            <users/>
            <groups/>
        </role>
        <role allowForAll="false" inherit="true" name="administrators">
            <users>
                <userUuid>mchirlin</userUuid>
            </users>
            <groups/>
        </role>
        <role allowForAll="false" inherit="false" name="denyReaders">
            <users/>
            <groups/>
        </role>
        <role allowForAll="false" inherit="false" name="denyAuthors">
            <users/>
            <groups/>
        </role>
        <role allowForAll="false" inherit="false" name="denyAdministrators">
            <users/>
            <groups/>
        </role>
    </roleMap>
</contentHaul>
