<?xml version="1.0" encoding="UTF-8" standalone="yes"?>
<contentHaul xmlns:a="http://www.appian.com/ae/types/2009">
    <rule>
        <name>UTIL_calculateElementAnnotations</name>
        <uuid>_a-0000d971-68fb-8000-927a-010000010000_2084</uuid>
        <description>Determine annotations for an element</description>
        <parentUuid>_a-0000d94b-6e9d-8000-927a-010000010000_445</parentUuid>
        <visibility>
            <advertise>false</advertise>
            <hierarchy>true</hierarchy>
            <indexable>true</indexable>
            <quota>false</quota>
            <searchable>true</searchable>
            <system>false</system>
            <unlogged>false</unlogged>
        </visibility>
        <definition>reject(
  fn!isnull,
  {
    #&quot;_a-0000d973-824a-8000-927a-010000010000_2276&quot;(ri!element),
    #&quot;_a-0000d971-68fb-8000-927a-010000010000_2091&quot;(ri!element),
    #&quot;_a-0000d972-e9ba-8000-927a-010000010000_2246&quot;(ri!element),
    #&quot;_a-0000d972-e9ba-8000-927a-010000010000_2256&quot;(ri!element),
    #&quot;_a-0000d973-824a-8000-927a-010000010000_2260&quot;(ri!element)
  }
)</definition>
        <namedTypedValue>
            <name>element</name>
            <type>
                <name>Variant</name>
                <namespace>http://www.appian.com/ae/types/2009</namespace>
            </type>
        </namedTypedValue>
        <preferredEditor>legacy</preferredEditor>
    </rule>
    <roleMap public="true">
        <role allowForAll="false" inherit="true" name="readers">
            <users/>
            <groups/>
        </role>
        <role allowForAll="false" inherit="true" name="authors">
            <users/>
            <groups/>
        </role>
        <role allowForAll="false" inherit="true" name="administrators">
            <users>
                <userUuid>mchirlin</userUuid>
            </users>
            <groups/>
        </role>
        <role allowForAll="false" inherit="false" name="denyReaders">
            <users/>
            <groups/>
        </role>
        <role allowForAll="false" inherit="false" name="denyAuthors">
            <users/>
            <groups/>
        </role>
        <role allowForAll="false" inherit="false" name="denyAdministrators">
            <users/>
            <groups/>
        </role>
    </roleMap>
</contentHaul>
