<?xml version="1.0" encoding="UTF-8" standalone="yes"?>
<contentHaul xmlns:a="http://www.appian.com/ae/types/2009">
    <rule>
        <name>UTIL_tempoColumnChartFromDesignerReport</name>
        <uuid>_a-0000d8f7-11c2-8000-3ca7-0a000064044c_64913</uuid>
        <description>All-purpose conversion from designer report.
-Dynamic # of Columns / Series
-Allow custom colors
-Leave legend blank to use column names, or provide your own.
-Assumption: First column is grouping/category column</description>
        <parentUuid>_a-0000d96e-b6d7-8000-927a-010000010000_1793</parentUuid>
        <visibility>
            <advertise>false</advertise>
            <hierarchy>true</hierarchy>
            <indexable>true</indexable>
            <quota>false</quota>
            <searchable>true</searchable>
            <system>false</system>
            <unlogged>false</unlogged>
        </visibility>
        <definition>=with(
local!cids:if(isnull(ri!contextIDs),{},ri!contextIDs),
local!pinfo:topaginginfo(1,if(isnull(ri!batchSize),10,ri!batchSize)),
local!myData:getportalreportdatasubset( reportId:ri!reportDoc, pagingInfo:pinfo,contextIds:cids),
local!numColumns:length(local!myData.columns),

local!legend:if(#&quot;_a-0000d970-1815-8000-927a-010000010000_1982&quot;(ri!legendArrayOptional),
  ldrop(local!myData.columns.label,1),
  ri!legendArrayOptional
  ),

  #&quot;SYSTEM_SYSRULES_columnChartField&quot;(
   label:ri!label,
   instructions:ri!instructions,
   categories:local!myData.data[1].cells.value,
   showDataLabels:ri!showDataLabels,
   showTooltips:ri!showTooltips,
   showLegend:or(local!numColumns&gt;2,not(#&quot;_a-0000d970-1815-8000-927a-010000010000_1982&quot;(ri!legendArrayOptional))),
   series:{
     apply(
       #&quot;_a-0000d8f7-11c2-8000-3ca7-0a000064044c_64909&quot;(x:_ ,
       fullColorList:ri!barColors , 
       fullDataArray:ldrop(local!myData.data,1), 
       legendArray:local!legend),
       enumerate(local!numColumns-1)+1
       )
   },
   stacking:if(ri!isStacked,&quot;NORMAL&quot;,&quot;NONE&quot;)
  )

)</definition>
        <namedTypedValue>
            <name>label</name>
            <type>
                <name>string</name>
                <namespace>http://www.w3.org/2001/XMLSchema</namespace>
            </type>
            <value/>
        </namedTypedValue>
        <namedTypedValue>
            <name>instructions</name>
            <type>
                <name>string</name>
                <namespace>http://www.w3.org/2001/XMLSchema</namespace>
            </type>
            <value/>
        </namedTypedValue>
        <namedTypedValue>
            <name>reportDoc</name>
            <type>
                <name>CollaborationDocument</name>
                <namespace>http://www.appian.com/ae/types/2009</namespace>
            </type>
        </namedTypedValue>
        <namedTypedValue>
            <name>batchSize</name>
            <type>
                <name>int</name>
                <namespace>http://www.w3.org/2001/XMLSchema</namespace>
            </type>
        </namedTypedValue>
        <namedTypedValue>
            <name>contextIDs</name>
            <type>
                <name>Integer?list</name>
                <namespace>http://www.appian.com/ae/types/2009</namespace>
            </type>
        </namedTypedValue>
        <namedTypedValue>
            <name>barColors</name>
            <type>
                <name>Text?list</name>
                <namespace>http://www.appian.com/ae/types/2009</namespace>
            </type>
        </namedTypedValue>
        <namedTypedValue>
            <name>isStacked</name>
            <type>
                <name>boolean</name>
                <namespace>http://www.w3.org/2001/XMLSchema</namespace>
            </type>
        </namedTypedValue>
        <namedTypedValue>
            <name>legendArrayOptional</name>
            <type>
                <name>Text?list</name>
                <namespace>http://www.appian.com/ae/types/2009</namespace>
            </type>
        </namedTypedValue>
        <namedTypedValue>
            <name>showDataLabels</name>
            <type>
                <name>boolean</name>
                <namespace>http://www.w3.org/2001/XMLSchema</namespace>
            </type>
        </namedTypedValue>
        <namedTypedValue>
            <name>showToolTips</name>
            <type>
                <name>boolean</name>
                <namespace>http://www.w3.org/2001/XMLSchema</namespace>
            </type>
        </namedTypedValue>
        <preferredEditor>interface</preferredEditor>
    </rule>
    <roleMap public="true">
        <role allowForAll="false" inherit="true" name="readers">
            <users/>
            <groups/>
        </role>
        <role allowForAll="false" inherit="true" name="authors">
            <users/>
            <groups/>
        </role>
        <role allowForAll="false" inherit="true" name="administrators">
            <users/>
            <groups/>
        </role>
        <role allowForAll="false" inherit="false" name="denyReaders">
            <users/>
            <groups/>
        </role>
        <role allowForAll="false" inherit="false" name="denyAuthors">
            <users/>
            <groups/>
        </role>
        <role allowForAll="false" inherit="false" name="denyAdministrators">
            <users/>
            <groups/>
        </role>
    </roleMap>
</contentHaul>
