<?xml version="1.0" encoding="UTF-8" standalone="yes"?>
<contentHaul xmlns:a="http://www.appian.com/ae/types/2009">
    <constant>
        <name>UTIL_TEMPO_REPORT_COLORS</name>
        <uuid>_a-0000d8f7-11c2-8000-3ca7-0a000064044c_64929</uuid>
        <description>List of tempo report colors</description>
        <parentUuid>_a-0000d94b-6e9d-8000-927a-010000010000_459</parentUuid>
        <visibility>
            <advertise>false</advertise>
            <hierarchy>true</hierarchy>
            <indexable>true</indexable>
            <quota>false</quota>
            <searchable>true</searchable>
            <system>false</system>
            <unlogged>false</unlogged>
        </visibility>
        <typedValue>
            <type>
                <name>Text?list</name>
                <namespace>http://www.appian.com/ae/types/2009</namespace>
            </type>
            <value>
                <el>BLUEGRAY</el>
                <el>GREEN</el>
                <el>GOLD</el>
                <el>ORANGE</el>
                <el>PURPLE</el>
                <el>RED</el>
                <el>SKYBLUE</el>
                <el>LIMEGREEN</el>
                <el>YELLOW</el>
                <el>AMBER</el>
                <el>PINK</el>
                <el>VIOLETRED</el>
            </value>
        </typedValue>
    </constant>
    <roleMap public="true">
        <role allowForAll="false" inherit="true" name="readers">
            <users/>
            <groups/>
        </role>
        <role allowForAll="false" inherit="true" name="authors">
            <users/>
            <groups/>
        </role>
        <role allowForAll="false" inherit="true" name="administrators">
            <users/>
            <groups/>
        </role>
        <role allowForAll="false" inherit="false" name="denyReaders">
            <users/>
            <groups/>
        </role>
        <role allowForAll="false" inherit="false" name="denyAuthors">
            <users/>
            <groups/>
        </role>
        <role allowForAll="false" inherit="false" name="denyAdministrators">
            <users/>
            <groups/>
        </role>
    </roleMap>
</contentHaul>
