<?xml version="1.0" encoding="UTF-8" standalone="yes"?>
<contentHaul xmlns:a="http://www.appian.com/ae/types/2009">
    <rule>
        <name>UTIL_calculateDataRelationshipAnnotation</name>
        <uuid>_a-0000d972-e9ba-8000-927a-010000010000_2246</uuid>
        <description>Determines the data relationship annotations for an element, eg. cascade, optional, OneToOne, etc..</description>
        <parentUuid>_a-0000d94b-6e9d-8000-927a-010000010000_445</parentUuid>
        <visibility>
            <advertise>false</advertise>
            <hierarchy>true</hierarchy>
            <indexable>true</indexable>
            <quota>false</quota>
            <searchable>true</searchable>
            <system>false</system>
            <unlogged>false</unlogged>
        </visibility>
        <definition>if(
  not(#&quot;_a-0000d970-1815-8000-927a-010000010000_1982&quot;(index(ri!element.dataRelationship, &quot;type&quot;, &quot;&quot;))),
  &quot;@&quot; &amp; ri!element.dataRelationship.type &amp; 
   if(
     and(
       #&quot;_a-0000d970-1815-8000-927a-010000010000_1982&quot;(ri!element.dataRelationship.cascade),
       #&quot;_a-0000d970-1815-8000-927a-010000010000_1982&quot;(ri!element.dataRelationship.optional),
       #&quot;_a-0000d970-1815-8000-927a-010000010000_1982&quot;(ri!element.dataRelationship.indexed)
     ),
     &quot;&quot;,
     char(40) &amp; substitute(tostring(reject(fn!isnull, {
       if(
         not(#&quot;_a-0000d970-1815-8000-927a-010000010000_1982&quot;(ri!element.dataRelationship.cascade)),
         &quot;cascade=&quot; &amp; ri!element.dataRelationship.cascade,
         &quot;&quot;
       ), 
       if(
         or(
           ri!element.dataRelationship.type = &quot;ManyToOne&quot;,
           ri!element.dataRelationship.type = &quot;OneToOne&quot;
         ),
         &quot;optional=&quot; &amp; #&quot;_a-0000d972-e9ba-8000-927a-010000010000_2248&quot;(ri!element.dataRelationship.optional),
         &quot;&quot;
       ),
       if(
         or(
           ri!element.dataRelationship.type = &quot;OneToMany&quot;,
           ri!element.dataRelationship.type = &quot;ManyToMany&quot;
         ),
         &quot;indexed=&quot; &amp; #&quot;_a-0000d972-e9ba-8000-927a-010000010000_2248&quot;(ri!element.dataRelationship.indexed),
         &quot;&quot;
       )
     })), &quot;;&quot;, &quot;,&quot;) &amp; char(41)
   ),
  null    
)</definition>
        <namedTypedValue>
            <name>element</name>
            <type>
                <name>Variant</name>
                <namespace>http://www.appian.com/ae/types/2009</namespace>
            </type>
        </namedTypedValue>
        <preferredEditor>legacy</preferredEditor>
    </rule>
    <roleMap public="true">
        <role allowForAll="false" inherit="true" name="readers">
            <users/>
            <groups/>
        </role>
        <role allowForAll="false" inherit="true" name="authors">
            <users/>
            <groups/>
        </role>
        <role allowForAll="false" inherit="true" name="administrators">
            <users>
                <userUuid>mchirlin</userUuid>
            </users>
            <groups/>
        </role>
        <role allowForAll="false" inherit="false" name="denyReaders">
            <users/>
            <groups/>
        </role>
        <role allowForAll="false" inherit="false" name="denyAuthors">
            <users/>
            <groups/>
        </role>
        <role allowForAll="false" inherit="false" name="denyAdministrators">
            <users/>
            <groups/>
        </role>
    </roleMap>
</contentHaul>
