<?xml version="1.0" encoding="UTF-8" standalone="yes"?>
<contentHaul xmlns:a="http://www.appian.com/ae/types/2009">
    <rule>
        <name>UTIL_processModelFilter</name>
        <uuid>_a-0000d94b-6e9d-8000-927a-010000010000_452</uuid>
        <description>Filter process models by name</description>
        <parentUuid>_a-0000d94b-6e9d-8000-927a-010000010000_445</parentUuid>
        <visibility>
            <advertise>false</advertise>
            <hierarchy>true</hierarchy>
            <indexable>true</indexable>
            <quota>false</quota>
            <searchable>true</searchable>
            <system>false</system>
            <unlogged>false</unlogged>
        </visibility>
        <definition>=with(
  local!datasubset: getportalreportdatasubset(
    reportId: #&quot;_a-0000d94b-6e9d-8000-927a-010000010000_460&quot;,
    pagingInfo: #&quot;SYSTEM_SYSRULES_pagingInfo&quot;(
      startIndex: 1, 
      batchSize: 15
    ),
    contextIds: {},
    filters: {
      {field: &quot;0&quot;, operator: &quot;LIKE&quot;, value: &quot;*&quot; &amp; ri!filter &amp; &quot;*&quot;}
    }
  ),
  #&quot;SYSTEM_SYSRULES_dataSubset&quot;(
    data: if(
      local!datasubset.totalCount &gt; 0,
      apply(fn!index, local!datasubset.data, &quot;cells&quot;, &quot;&quot;)[1].value,
      {}
    ),
    identifiers: local!datasubset.identifiers
  )
)</definition>
        <namedTypedValue>
            <name>filter</name>
            <type>
                <name>string</name>
                <namespace>http://www.w3.org/2001/XMLSchema</namespace>
            </type>
            <value/>
        </namedTypedValue>
        <preferredEditor>legacy</preferredEditor>
    </rule>
    <roleMap public="true">
        <role allowForAll="false" inherit="true" name="readers">
            <users/>
            <groups/>
        </role>
        <role allowForAll="false" inherit="true" name="authors">
            <users/>
            <groups/>
        </role>
        <role allowForAll="false" inherit="true" name="administrators">
            <users>
                <userUuid>Administrator</userUuid>
            </users>
            <groups/>
        </role>
        <role allowForAll="false" inherit="false" name="denyReaders">
            <users/>
            <groups/>
        </role>
        <role allowForAll="false" inherit="false" name="denyAuthors">
            <users/>
            <groups/>
        </role>
        <role allowForAll="false" inherit="false" name="denyAdministrators">
            <users/>
            <groups/>
        </role>
    </roleMap>
</contentHaul>
