<?xml version="1.0" encoding="UTF-8" standalone="yes"?>
<contentHaul xmlns:a="http://www.appian.com/ae/types/2009">
    <rule>
        <name>UTIL_calculateColumnAnnotation</name>
        <uuid>_a-0000d971-68fb-8000-927a-010000010000_2091</uuid>
        <description>Determines the column annotations for an element</description>
        <parentUuid>_a-0000d94b-6e9d-8000-927a-010000010000_445</parentUuid>
        <visibility>
            <advertise>false</advertise>
            <hierarchy>true</hierarchy>
            <indexable>true</indexable>
            <quota>false</quota>
            <searchable>true</searchable>
            <system>false</system>
            <unlogged>false</unlogged>
        </visibility>
        <definition>if(
  and(
    not(#&quot;_a-0000d970-1815-8000-927a-010000010000_1982&quot;(ri!element.columnName)),
    not(#&quot;_a-0000d970-1815-8000-927a-010000010000_1982&quot;(ri!element.columnDefinition))
  ),
  &quot;@Column(name=&quot; &amp; char(34) &amp; ri!element.columnName &amp; char(34) &amp; 
  &quot;, columnDefinition=&quot; &amp; char(34) &amp; ri!element.columnDefinition &amp; char(34) &amp; char(41),
  if(
    not(#&quot;_a-0000d970-1815-8000-927a-010000010000_1982&quot;(ri!element.columnName)),
    &quot;@Column(name=&quot; &amp; char(34) &amp; ri!element.columnName &amp; char(34) &amp; char(41),
    if(
      not(#&quot;_a-0000d970-1815-8000-927a-010000010000_1982&quot;(ri!element.columnDefinition)),
      &quot;@Column(columnDefinition=&quot; &amp; char(34) &amp; ri!element.columnDefinition &amp; char(34) &amp; char(41),
      null
    )
  )
)
</definition>
        <namedTypedValue>
            <name>element</name>
            <type>
                <name>Variant</name>
                <namespace>http://www.appian.com/ae/types/2009</namespace>
            </type>
        </namedTypedValue>
        <preferredEditor>legacy</preferredEditor>
    </rule>
    <roleMap public="true">
        <role allowForAll="false" inherit="true" name="readers">
            <users/>
            <groups/>
        </role>
        <role allowForAll="false" inherit="true" name="authors">
            <users/>
            <groups/>
        </role>
        <role allowForAll="false" inherit="true" name="administrators">
            <users>
                <userUuid>mchirlin</userUuid>
            </users>
            <groups/>
        </role>
        <role allowForAll="false" inherit="false" name="denyReaders">
            <users/>
            <groups/>
        </role>
        <role allowForAll="false" inherit="false" name="denyAuthors">
            <users/>
            <groups/>
        </role>
        <role allowForAll="false" inherit="false" name="denyAdministrators">
            <users/>
            <groups/>
        </role>
    </roleMap>
</contentHaul>
