<?xml version="1.0" encoding="UTF-8" standalone="yes"?>
<contentHaul xmlns:a="http://www.appian.com/ae/types/2009">
    <rule>
        <name>UTIL_formatSecuritySettings</name>
        <uuid>_a-0000d94c-726a-8000-927a-010000010000_491</uuid>
        <description>Format the security settings for process models</description>
        <parentUuid>_a-0000d94b-6e9d-8000-927a-010000010000_445</parentUuid>
        <visibility>
            <advertise>false</advertise>
            <hierarchy>true</hierarchy>
            <indexable>true</indexable>
            <quota>false</quota>
            <searchable>true</searchable>
            <system>false</system>
            <unlogged>false</unlogged>
        </visibility>
        <definition>=substitute(tostring(reject(fn!isnull, append(
  if(
    isnull(pms.administratorUsersAndGroups),
    null,
    {&quot;Administrators: &quot; &amp; pms.administratorUsersAndGroups}
  ),
  if(
    isnull(pms.editorUsersAndGroups),
    null,
    {&quot;Editors: &quot; &amp; pms.editorUsersAndGroups}
  ),
  if(
    isnull(pms.managerUsersAndGroups),
    null,
    {&quot;Managers: &quot; &amp; pms.managerUsersAndGroups}
  ),
  if(
    isnull(pms.viewerUsersAndGroups),
    null,
    {&quot;Viewers: &quot; &amp; pms.viewerUsersAndGroups}
  ),
  if(
    isnull(pms.initiatorUsersAndGroups),
    null,
    {&quot;Initiators: &quot; &amp; pms.initiatorUsersAndGroups}
  ),
  if(
    isnull(pms.denyUsersAndGroups),
    null,
    {&quot;Denied: &quot; &amp; pms.denyUsersAndGroups}
  )
))), &quot;;&quot;, char(10))</definition>
        <namedTypedValue>
            <name>pms</name>
            <type>
                <name>Variant</name>
                <namespace>http://www.appian.com/ae/types/2009</namespace>
            </type>
        </namedTypedValue>
        <preferredEditor>legacy</preferredEditor>
    </rule>
    <roleMap public="true">
        <role allowForAll="false" inherit="true" name="readers">
            <users/>
            <groups/>
        </role>
        <role allowForAll="false" inherit="true" name="authors">
            <users/>
            <groups/>
        </role>
        <role allowForAll="false" inherit="true" name="administrators">
            <users>
                <userUuid>Administrator</userUuid>
            </users>
            <groups/>
        </role>
        <role allowForAll="false" inherit="false" name="denyReaders">
            <users/>
            <groups/>
        </role>
        <role allowForAll="false" inherit="false" name="denyAuthors">
            <users/>
            <groups/>
        </role>
        <role allowForAll="false" inherit="false" name="denyAdministrators">
            <users/>
            <groups/>
        </role>
    </roleMap>
</contentHaul>
