<?xml version="1.0" encoding="UTF-8" standalone="yes"?>
<contentHaul xmlns:a="http://www.appian.com/ae/types/2009">
    <rule>
        <name>UTIL_convertDdlToDatatypeForm</name>
        <uuid>_a-0000d974-b5ee-8000-927a-010000010000_2341</uuid>
        <description>Convert either ddl string or file to datatype</description>
        <parentUuid>_a-0000d96e-b6d7-8000-927a-010000010000_1793</parentUuid>
        <visibility>
            <advertise>false</advertise>
            <hierarchy>true</hierarchy>
            <indexable>true</indexable>
            <quota>false</quota>
            <searchable>true</searchable>
            <system>false</system>
            <unlogged>false</unlogged>
        </visibility>
        <definition>=load(&#xD;
  local!document: index(ri!docs, 1, null),&#xD;
  #&quot;SYSTEM_SYSRULES_formLayout&quot;(&#xD;
    label: &quot;Convert DDL to Datatype&quot;,&#xD;
    instructions: &quot;Either paste ddl into paragraph field, or upload .ddl file&quot;,&#xD;
    firstColumnContents: {&#xD;
      #&quot;SYSTEM_SYSRULES_dropdownField&quot;(&#xD;
        label: &quot;Database Type&quot;,&#xD;
        choiceLabels: #&quot;_a-0000d974-b5ee-8000-927a-010000010000_2350&quot;,&#xD;
        choiceValues: #&quot;_a-0000d974-b5ee-8000-927a-010000010000_2349&quot;,&#xD;
        required: true,&#xD;
        placeholderLabel: &quot;-Select type-&quot;,&#xD;
        value: ri!databaseType,&#xD;
        saveInto: ri!databaseType&#xD;
      ),&#xD;
      #&quot;SYSTEM_SYSRULES_sectionLayout&quot;(&#xD;
        firstColumnContents: {&#xD;
          #&quot;SYSTEM_SYSRULES_paragraphField&quot;(&#xD;
            label: &quot;DDL String&quot;,&#xD;
            value: ri!ddl,&#xD;
            saveInto: {&#xD;
              ri!ddl,&#xD;
              ri!docs &lt;&lt; #&quot;_a-0000d94b-6e9d-8000-927a-010000010000_440&quot;(null, _)&#xD;
            }&#xD;
          )&#xD;
        },&#xD;
        secondColumnContents: {&#xD;
          #&quot;SYSTEM_SYSRULES_fileUploadField&quot;(&#xD;
            label: &quot;DDL Form&quot;,&#xD;
            instructions: &quot;Upload a .ddl file&quot;,&#xD;
            value: local!document,&#xD;
            target: #&quot;_a-0000d96e-b6d7-8000-927a-010000010000_1527&quot;,&#xD;
            saveInto: {&#xD;
              ri!docs,&#xD;
              ri!ddl &lt;&lt; #&quot;_a-0000d94b-6e9d-8000-927a-010000010000_440&quot;(null, _)&#xD;
            }&#xD;
          )&#xD;
        }&#xD;
      )&#xD;
    },&#xD;
    buttons: #&quot;SYSTEM_SYSRULES_ButtonLayout&quot;(&#xD;
      primaryButtons: {&#xD;
        #&quot;SYSTEM_SYSRULES_ButtonWidget&quot;(&#xD;
          label: &quot;Submit&quot;,&#xD;
          style: &quot;PRIMARY&quot;,&#xD;
          validate: true,&#xD;
          submit: true,&#xD;
          value: &quot;design-ddl-datatype&quot;,&#xD;
          saveInto: ri!action&#xD;
        )&#xD;
      },&#xD;
      secondaryButtons: {&#xD;
        #&quot;_a-0000d94c-e571-8000-927a-010000010000_625&quot;(ri!action, &quot;system&quot;)&#xD;
      }&#xD;
    )&#xD;
  )&#xD;
)&#xD;
</definition>
        <namedTypedValue>
            <name>action</name>
            <type>
                <name>string</name>
                <namespace>http://www.w3.org/2001/XMLSchema</namespace>
            </type>
            <value/>
        </namedTypedValue>
        <namedTypedValue>
            <name>docs</name>
            <type>
                <name>CollaborationDocument?list</name>
                <namespace>http://www.appian.com/ae/types/2009</namespace>
            </type>
        </namedTypedValue>
        <namedTypedValue>
            <name>ddl</name>
            <type>
                <name>string</name>
                <namespace>http://www.w3.org/2001/XMLSchema</namespace>
            </type>
            <value/>
        </namedTypedValue>
        <namedTypedValue>
            <name>databaseType</name>
            <type>
                <name>string</name>
                <namespace>http://www.w3.org/2001/XMLSchema</namespace>
            </type>
            <value/>
        </namedTypedValue>
        <preferredEditor>interface</preferredEditor>
    </rule>
    <roleMap public="true">
        <role allowForAll="false" inherit="true" name="readers">
            <users/>
            <groups/>
        </role>
        <role allowForAll="false" inherit="true" name="authors">
            <users/>
            <groups/>
        </role>
        <role allowForAll="false" inherit="true" name="administrators">
            <users>
                <userUuid>mchirlin</userUuid>
            </users>
            <groups/>
        </role>
        <role allowForAll="false" inherit="false" name="denyReaders">
            <users/>
            <groups/>
        </role>
        <role allowForAll="false" inherit="false" name="denyAuthors">
            <users/>
            <groups/>
        </role>
        <role allowForAll="false" inherit="false" name="denyAdministrators">
            <users/>
            <groups/>
        </role>
    </roleMap>
</contentHaul>
