<?xml version="1.0" encoding="UTF-8" standalone="yes"?>
<contentHaul xmlns:a="http://www.appian.com/ae/types/2009">
    <rule>
        <name>UTIL_tempoPieChartFromDesignerReport</name>
        <uuid>_a-0000d735-2870-8000-9ba2-011c48011c48_3769</uuid>
        <description>Creates a Tempo pie chart from a Designer (Portal) report.

label: The label for the display component.
reportDoc: A reference to the actual portal report document. The first visible column should be the &quot;group by&quot; labels and the second visible column should be the aggregate values. Your original report can use any display format.
batchSize: Optional, default will be 25.
showDataLabels: Optional, default will be false.
showToolTips: Optional, default will be false.
descriptionOptional: Optional. Instructions field to show up under the report.
contextOptional: Optional. Array of Process IDs or Process Model IDs to use as context.</description>
        <parentUuid>_a-0000d96e-b6d7-8000-927a-010000010000_1793</parentUuid>
        <visibility>
            <advertise>false</advertise>
            <hierarchy>true</hierarchy>
            <indexable>true</indexable>
            <quota>false</quota>
            <searchable>true</searchable>
            <system>false</system>
            <unlogged>false</unlogged>
        </visibility>
        <definition>=with(
cids:if(isnull(ri!contextOptional),{},ri!contextOptional),
pinfo:topaginginfo(1,if(isnull(ri!batchSize),10,ri!batchSize)),
myData:getportalreportdatasubset( reportId:ri!reportDoc, pagingInfo:pinfo,contextIds:cids),
ds1:myData.data[1].cells.value,
ds2:myData.data[2].cells.value,

#&quot;SYSTEM_SYSRULES_pieChartField&quot;( 
  label:ri!label , 
  instructions:ri!descriptionOptional , 
  series:apply(#&quot;SYSTEM_SYSRULES_chartSeries&quot;(label:_,data:_),merge(ds1,ds2)),
  showDataLabels:ri!showDataLabels , 
  showAsPercentage:ri!showAsPercentage , 
  showTooltips:ri!showToolTips )


)</definition>
        <namedTypedValue>
            <name>label</name>
            <type>
                <name>string</name>
                <namespace>http://www.w3.org/2001/XMLSchema</namespace>
            </type>
            <value/>
        </namedTypedValue>
        <namedTypedValue>
            <name>reportdoc</name>
            <type>
                <name>CollaborationDocument</name>
                <namespace>http://www.appian.com/ae/types/2009</namespace>
            </type>
        </namedTypedValue>
        <namedTypedValue>
            <name>batchsize</name>
            <type>
                <name>int</name>
                <namespace>http://www.w3.org/2001/XMLSchema</namespace>
            </type>
        </namedTypedValue>
        <namedTypedValue>
            <name>showdatalabels</name>
            <type>
                <name>boolean</name>
                <namespace>http://www.w3.org/2001/XMLSchema</namespace>
            </type>
        </namedTypedValue>
        <namedTypedValue>
            <name>showtooltips</name>
            <type>
                <name>boolean</name>
                <namespace>http://www.w3.org/2001/XMLSchema</namespace>
            </type>
        </namedTypedValue>
        <namedTypedValue>
            <name>descriptionoptional</name>
            <type>
                <name>string</name>
                <namespace>http://www.w3.org/2001/XMLSchema</namespace>
            </type>
            <value/>
        </namedTypedValue>
        <namedTypedValue>
            <name>contextoptional</name>
            <type>
                <name>Integer?list</name>
                <namespace>http://www.appian.com/ae/types/2009</namespace>
            </type>
        </namedTypedValue>
        <namedTypedValue>
            <name>showAsPercentage</name>
            <type>
                <name>boolean</name>
                <namespace>http://www.w3.org/2001/XMLSchema</namespace>
            </type>
        </namedTypedValue>
        <preferredEditor>interface</preferredEditor>
    </rule>
    <roleMap public="true">
        <role allowForAll="false" inherit="true" name="readers">
            <users/>
            <groups/>
        </role>
        <role allowForAll="false" inherit="true" name="authors">
            <users/>
            <groups/>
        </role>
        <role allowForAll="false" inherit="true" name="administrators">
            <users/>
            <groups/>
        </role>
        <role allowForAll="false" inherit="false" name="denyReaders">
            <users/>
            <groups/>
        </role>
        <role allowForAll="false" inherit="false" name="denyAuthors">
            <users/>
            <groups/>
        </role>
        <role allowForAll="false" inherit="false" name="denyAdministrators">
            <users/>
            <groups/>
        </role>
    </roleMap>
</contentHaul>
