<?xml version="1.0" encoding="UTF-8" standalone="yes"?>
<contentHaul xmlns:a="http://www.appian.com/ae/types/2009">
    <rule>
        <name>UTIL_displayPortalReportInTempo</name>
        <uuid>_a-0000d8f7-11c2-8000-3ca7-0a000064044c_64919</uuid>
        <description>All-purpose report conversion tool.</description>
        <parentUuid>_a-0000d96e-b6d7-8000-927a-010000010000_1793</parentUuid>
        <visibility>
            <advertise>false</advertise>
            <hierarchy>true</hierarchy>
            <indexable>true</indexable>
            <quota>false</quota>
            <searchable>true</searchable>
            <system>false</system>
            <unlogged>false</unlogged>
        </visibility>
        <definition>=choose(
lookup({&quot;PIE&quot;,&quot;BAR&quot;,&quot;STACKED BAR&quot;,&quot;COLUMN&quot;,&quot;STACKED COLUMN&quot;,&quot;LINE&quot;,&quot;GRID&quot;},ri!reportType,7),

#&quot;_a-0000d735-2870-8000-9ba2-011c48011c48_3769&quot;( 
  label:ri!label , reportDoc:ri!reportDoc , 
  batchSize:ri!batchSize , showDataLabels:false , showToolTips:true , 
  descriptionOptional:ri!instructions , contextOptional:ri!contextIDs ),

#&quot;_a-0000d8f7-11c2-8000-3ca7-0a000064044c_64911&quot;( 
  label:ri!label , instructions:ri!instructions , 
  reportDoc:ri!reportDoc, 
  batchSize:ri!batchSize , 
  contextIDs:ri!contextIDs , 
  barColors:ri!chartColors, isStacked:false, 
  showTooltips:true ),

#&quot;_a-0000d8f7-11c2-8000-3ca7-0a000064044c_64911&quot;( 
  label:ri!label , instructions:ri!instructions , 
  reportDoc:ri!reportDoc , batchSize:ri!batchSize , contextIDs:ri!contextIDs , 
  barColors:ri!chartColors, isStacked:true, 
  showTooltips:true ),

#&quot;_a-0000d8f7-11c2-8000-3ca7-0a000064044c_64913&quot;( 
  label:ri!label , instructions:ri!instructions , 
  reportDoc:ri!reportDoc , batchSize:ri!batchSize , 
  contextIDs:ri!contextIDs , barColors:ri!chartColors , 
  isStacked:false, showToolTips:true ),

#&quot;_a-0000d8f7-11c2-8000-3ca7-0a000064044c_64913&quot;( 
  label:ri!label , 
  instructions:ri!instructions , 
  reportDoc:ri!reportDoc , 
  batchSize:ri!batchSize , contextIDs:ri!contextIDs , 
  barColors:ri!chartColors , isStacked:true, 
  showToolTips:true ),

#&quot;_a-0000d8f7-11c2-8000-3ca7-0a000064044c_64914&quot;( 
  label:ri!label , 
  instructions:ri!instructions , 
  reportDoc:ri!reportDoc , 
  batchSize:ri!batchSize , 
  contextIDs:ri!contextIDs , 
  lineColors:ri!chartColors),

#&quot;_a-0000d8f7-11c2-8000-3ca7-0a000064044c_64917&quot;( 
  label:ri!label , 
  instructions:ri!instructions , 
  reportDoc:ri!reportDoc , 
  batchSize:ri!batchSize , contextIDs:ri!contextIDs )
)
</definition>
        <namedTypedValue>
            <name>label</name>
            <type>
                <name>string</name>
                <namespace>http://www.w3.org/2001/XMLSchema</namespace>
            </type>
            <value/>
        </namedTypedValue>
        <namedTypedValue>
            <name>instructions</name>
            <type>
                <name>string</name>
                <namespace>http://www.w3.org/2001/XMLSchema</namespace>
            </type>
            <value/>
        </namedTypedValue>
        <namedTypedValue>
            <name>reportdoc</name>
            <type>
                <name>CollaborationDocument</name>
                <namespace>http://www.appian.com/ae/types/2009</namespace>
            </type>
        </namedTypedValue>
        <namedTypedValue>
            <name>batchsize</name>
            <type>
                <name>int</name>
                <namespace>http://www.w3.org/2001/XMLSchema</namespace>
            </type>
        </namedTypedValue>
        <namedTypedValue>
            <name>contextids</name>
            <type>
                <name>Integer?list</name>
                <namespace>http://www.appian.com/ae/types/2009</namespace>
            </type>
        </namedTypedValue>
        <namedTypedValue>
            <name>reporttype</name>
            <type>
                <name>string</name>
                <namespace>http://www.w3.org/2001/XMLSchema</namespace>
            </type>
            <value/>
        </namedTypedValue>
        <namedTypedValue>
            <name>chartcolors</name>
            <type>
                <name>Text?list</name>
                <namespace>http://www.appian.com/ae/types/2009</namespace>
            </type>
        </namedTypedValue>
        <preferredEditor>interface</preferredEditor>
    </rule>
    <roleMap public="true">
        <role allowForAll="false" inherit="true" name="readers">
            <users/>
            <groups/>
        </role>
        <role allowForAll="false" inherit="true" name="authors">
            <users/>
            <groups/>
        </role>
        <role allowForAll="false" inherit="true" name="administrators">
            <users/>
            <groups/>
        </role>
        <role allowForAll="false" inherit="false" name="denyReaders">
            <users/>
            <groups/>
        </role>
        <role allowForAll="false" inherit="false" name="denyAuthors">
            <users/>
            <groups/>
        </role>
        <role allowForAll="false" inherit="false" name="denyAdministrators">
            <users/>
            <groups/>
        </role>
    </roleMap>
</contentHaul>
