<?xml version="1.0" encoding="UTF-8" standalone="yes"?>
<contentHaul xmlns:a="http://www.appian.com/ae/types/2009">
    <rule>
        <name>UTIL_dataTypeGridRowLayout</name>
        <uuid>_a-0000d971-68fb-8000-927a-010000010000_2063</uuid>
        <description>Grid row layout for use on datatype design interface</description>
        <parentUuid>_a-0000d96e-b6d7-8000-927a-010000010000_1793</parentUuid>
        <visibility>
            <advertise>false</advertise>
            <hierarchy>true</hierarchy>
            <indexable>true</indexable>
            <quota>false</quota>
            <searchable>true</searchable>
            <system>false</system>
            <unlogged>false</unlogged>
        </visibility>
        <definition>#&quot;SYSTEM_SYSRULES_gridRowLayout&quot;(
  id: ri!index,
  contents: {
    #&quot;SYSTEM_SYSRULES_textField&quot;(
      /* Labels in the row contents are for debugging purposes only */
      label: &quot;name &quot; &amp; ri!index,
      required: true,
      value: ri!elements[ri!index].fieldName,
      saveInto: ri!elements[ri!index].fieldName
    ),
    #&quot;SYSTEM_SYSRULES_dropdownField&quot;(
      label: &quot;type&quot;,
      choiceLabels: #&quot;_a-0000d971-68fb-8000-927a-010000010000_2056&quot;,
      choiceValues: #&quot;_a-0000d971-68fb-8000-927a-010000010000_2057&quot;,
      placeHolderLabel: &quot;-Select type-&quot;,
      value: ri!elements[ri!index].fieldType,
      saveInto: {
        ri!elements[ri!index].fieldType,
        ri!elements[ri!index].cdtId &lt;&lt; #&quot;_a-0000d971-68fb-8000-927a-010000010000_2119&quot;(_, ri!elements[ri!index].cdtId)
      }
    ),
    #&quot;SYSTEM_SYSRULES_linkField&quot;(
      lable: &quot;link&quot;,
      links: #&quot;SYSTEM_SYSRULES_dynamicLink&quot;(
        label: &quot;Additional Detals&quot;,
        value: ri!index,
        saveInto: {
          ri!elementIndex
        }
      )
    ),
    #&quot;SYSTEM_SYSRULES_linkField&quot;(
      label: &quot;moveUp &quot; &amp; ri!index,
      align: &quot;CENTER&quot;,
      links: #&quot;SYSTEM_SYSRULES_dynamicLink&quot;(
        label: char(8593),
        value: ri!index,
        saveInto: {
          ri!elements &lt;&lt; #&quot;_a-0000d973-f86e-8000-927a-010000010000_2330&quot;(
            index: _,
            array: ri!elements
          ),
          ri!itemsToken &lt;&lt; #&quot;_a-0000d973-f86e-8000-927a-010000010000_2330&quot;(
            index: _,
            array: ri!elements
          )
        }
      )
    ),
    #&quot;SYSTEM_SYSRULES_linkField&quot;(
      label: &quot;moveDown &quot; &amp; ri!index,
      align: &quot;CENTER&quot;,
      links: #&quot;SYSTEM_SYSRULES_dynamicLink&quot;(
        label: char(8595),
        value: ri!index,
        saveInto: {
          ri!elements &lt;&lt; #&quot;_a-0000d973-f86e-8000-927a-010000010000_2334&quot;(
            index: _,
            array: ri!elements
          ),
          ri!itemsToken &lt;&lt; #&quot;_a-0000d973-f86e-8000-927a-010000010000_2334&quot;(
            index: _,
            array: ri!elements
          )
        }
      )
    ),
    #&quot;SYSTEM_SYSRULES_linkField&quot;(
      label: &quot;delete &quot; &amp; ri!index,
      align: &quot;CENTER&quot;,
      links: #&quot;SYSTEM_SYSRULES_dynamicLink&quot;(
        label: char(10005),
        value: ri!index,
        saveInto: {
          ri!elements &lt;&lt; fn!remove(ri!elements, _),
          ri!itemsToken &lt;&lt; fn!remove(ri!itemsToken, _),
          ri!elementIndex &lt;&lt; #&quot;_a-0000d94b-6e9d-8000-927a-010000010000_440&quot;(null, _)
        }
      )
    )
  }
)</definition>
        <namedTypedValue>
            <name>elements</name>
            <type>
                <name>Variant</name>
                <namespace>http://www.appian.com/ae/types/2009</namespace>
            </type>
        </namedTypedValue>
        <namedTypedValue>
            <name>index</name>
            <type>
                <name>int</name>
                <namespace>http://www.w3.org/2001/XMLSchema</namespace>
            </type>
        </namedTypedValue>
        <namedTypedValue>
            <name>itemsToken</name>
            <type>
                <name>Variant</name>
                <namespace>http://www.appian.com/ae/types/2009</namespace>
            </type>
        </namedTypedValue>
        <namedTypedValue>
            <name>elementIndex</name>
            <type>
                <name>int</name>
                <namespace>http://www.w3.org/2001/XMLSchema</namespace>
            </type>
        </namedTypedValue>
        <preferredEditor>interface</preferredEditor>
    </rule>
    <roleMap public="true">
        <role allowForAll="false" inherit="true" name="readers">
            <users/>
            <groups/>
        </role>
        <role allowForAll="false" inherit="true" name="authors">
            <users/>
            <groups/>
        </role>
        <role allowForAll="false" inherit="true" name="administrators">
            <users>
                <userUuid>mchirlin</userUuid>
            </users>
            <groups/>
        </role>
        <role allowForAll="false" inherit="false" name="denyReaders">
            <users/>
            <groups/>
        </role>
        <role allowForAll="false" inherit="false" name="denyAuthors">
            <users/>
            <groups/>
        </role>
        <role allowForAll="false" inherit="false" name="denyAdministrators">
            <users/>
            <groups/>
        </role>
    </roleMap>
</contentHaul>
