<?xml version="1.0" encoding="UTF-8" standalone="yes"?>
<contentHaul xmlns:a="http://www.appian.com/ae/types/2009">
    <rule>
        <name>UTIL_tempoGridFromDesignerReport</name>
        <uuid>_a-0000d8f7-11c2-8000-3ca7-0a000064044c_64917</uuid>
        <description>Converts a designer report table into a simple Tempo report table. Displays text only.</description>
        <parentUuid>_a-0000d96e-b6d7-8000-927a-010000010000_1793</parentUuid>
        <visibility>
            <advertise>false</advertise>
            <hierarchy>true</hierarchy>
            <indexable>true</indexable>
            <quota>false</quota>
            <searchable>true</searchable>
            <system>false</system>
            <unlogged>false</unlogged>
        </visibility>
        <definition>=load(
  local!cids:if(isnull(ri!contextIDs),{},ri!contextIDs),
  local!pinfo:topaginginfo(1,if(isnull(ri!batchSize),10,ri!batchSize)),
  
    with(
        local!myData:getportalreportdatasubset( 
          reportId:ri!reportDoc, 
          pagingInfo:pinfo,
          contextIds:cids
        ),
        #&quot;SYSTEM_SYSRULES_gridField&quot;(
          label:ri!label,
          instructions:ri!instructions,
          value:local!pInfo,
          saveInto:local!pInfo,
          totalCount:local!myData.totalCount,
          columns: {
                apply(
                    #&quot;_a-0000d8f7-11c2-8000-3ca7-0a000064044c_65513&quot;(
                      label:_,field:_,data:_,alignment:_
                    ),
                    merge(
                        local!myData.columns.label,
                        local!myData.columns.field,
                        local!myData.data,
                        local!myData.columns.alignment
                    )
                )
            }
        )
    )
)</definition>
        <namedTypedValue>
            <name>label</name>
            <type>
                <name>string</name>
                <namespace>http://www.w3.org/2001/XMLSchema</namespace>
            </type>
            <value/>
        </namedTypedValue>
        <namedTypedValue>
            <name>instructions</name>
            <type>
                <name>string</name>
                <namespace>http://www.w3.org/2001/XMLSchema</namespace>
            </type>
            <value/>
        </namedTypedValue>
        <namedTypedValue>
            <name>reportdoc</name>
            <type>
                <name>CollaborationDocument</name>
                <namespace>http://www.appian.com/ae/types/2009</namespace>
            </type>
        </namedTypedValue>
        <namedTypedValue>
            <name>batchsize</name>
            <type>
                <name>int</name>
                <namespace>http://www.w3.org/2001/XMLSchema</namespace>
            </type>
        </namedTypedValue>
        <namedTypedValue>
            <name>contextids</name>
            <type>
                <name>Integer?list</name>
                <namespace>http://www.appian.com/ae/types/2009</namespace>
            </type>
        </namedTypedValue>
        <preferredEditor>interface</preferredEditor>
    </rule>
    <roleMap public="true">
        <role allowForAll="false" inherit="true" name="readers">
            <users/>
            <groups/>
        </role>
        <role allowForAll="false" inherit="true" name="authors">
            <users/>
            <groups/>
        </role>
        <role allowForAll="false" inherit="true" name="administrators">
            <users/>
            <groups/>
        </role>
        <role allowForAll="false" inherit="false" name="denyReaders">
            <users/>
            <groups/>
        </role>
        <role allowForAll="false" inherit="false" name="denyAuthors">
            <users/>
            <groups/>
        </role>
        <role allowForAll="false" inherit="false" name="denyAdministrators">
            <users/>
            <groups/>
        </role>
    </roleMap>
</contentHaul>
