<?xml version="1.0" encoding="UTF-8" standalone="yes"?>
<contentHaul xmlns:a="http://www.appian.com/ae/types/2009">
    <rule>
        <name>UTIL_calculateJoinTableAnnotation</name>
        <uuid>_a-0000d973-824a-8000-927a-010000010000_2260</uuid>
        <description></description>
        <parentUuid>_a-0000d94b-6e9d-8000-927a-010000010000_445</parentUuid>
        <visibility>
            <advertise>false</advertise>
            <hierarchy>true</hierarchy>
            <indexable>true</indexable>
            <quota>false</quota>
            <searchable>true</searchable>
            <system>false</system>
            <unlogged>false</unlogged>
        </visibility>
        <definition>if(
  index(ri!element.dataRelationship, &quot;type&quot;, &quot;&quot;) = &quot;ManyToMany&quot;,
  &quot;@JoinTable&quot; &amp; 
   if(
     and(
       #&quot;_a-0000d970-1815-8000-927a-010000010000_1982&quot;(ri!element.dataRelationship.joinTableName),
       #&quot;_a-0000d970-1815-8000-927a-010000010000_1982&quot;(ri!element.dataRelationship.joinColumnName),
       #&quot;_a-0000d970-1815-8000-927a-010000010000_1982&quot;(ri!element.dataRelationship.inverseJoinColumnName)
     ),
     &quot;&quot;,
     char(40) &amp; substitute(
       tostring(
         reject(
           fn!isnull, 
           {
             if(
               not(#&quot;_a-0000d970-1815-8000-927a-010000010000_1982&quot;(ri!element.dataRelationship.cascade)),
               &quot;name=&quot; &amp; ri!element.dataRelationship.joinTableName,
               &quot;&quot;
             ), 
             if(
               not(#&quot;_a-0000d970-1815-8000-927a-010000010000_1982&quot;(ri!element.dataRelationship.joinColumnName)),
               &quot;joinColumns=@JoinColumn&quot; &amp; char(40) &amp; &quot;name=&quot; &amp; char(34) &amp; ri!element.dataRelationship.joinColumnName &amp; char(34) &amp; char(41), 
               &quot;&quot;
             ),
             if(
               not(#&quot;_a-0000d970-1815-8000-927a-010000010000_1982&quot;(ri!element.dataRelationship.inverseJoinColumnName)),
               &quot;inverseJoinColumns=@JoinColumn&quot; &amp; char(40) &amp; &quot;name=&quot; &amp; char(34) &amp; ri!element.dataRelationship.inverseJoinColumnName &amp; char(34) &amp; char(41), 
               &quot;&quot;
             )
           }
         )
       ),
       &quot;;&quot;,
       &quot;,&quot;
     ) &amp; char(41)    
   ),
   null
)</definition>
        <namedTypedValue>
            <name>element</name>
            <type>
                <name>Variant</name>
                <namespace>http://www.appian.com/ae/types/2009</namespace>
            </type>
        </namedTypedValue>
        <preferredEditor>legacy</preferredEditor>
    </rule>
    <roleMap public="true">
        <role allowForAll="false" inherit="true" name="readers">
            <users/>
            <groups/>
        </role>
        <role allowForAll="false" inherit="true" name="authors">
            <users/>
            <groups/>
        </role>
        <role allowForAll="false" inherit="true" name="administrators">
            <users>
                <userUuid>mchirlin</userUuid>
            </users>
            <groups/>
        </role>
        <role allowForAll="false" inherit="false" name="denyReaders">
            <users/>
            <groups/>
        </role>
        <role allowForAll="false" inherit="false" name="denyAuthors">
            <users/>
            <groups/>
        </role>
        <role allowForAll="false" inherit="false" name="denyAdministrators">
            <users/>
            <groups/>
        </role>
    </roleMap>
</contentHaul>
