<?xml version="1.0" encoding="UTF-8" standalone="yes"?>
<contentHaul xmlns:a="http://www.appian.com/ae/types/2009">
    <rule>
        <name>UTIL_legacyReportToSailForm</name>
        <uuid>_a-0000d8f7-11c2-8000-3ca7-0a000064044c_64927</uuid>
        <description>Auto-convert portal reports to Tempo</description>
        <parentUuid>_a-0000d96e-b6d7-8000-927a-010000010000_1793</parentUuid>
        <visibility>
            <advertise>false</advertise>
            <hierarchy>true</hierarchy>
            <indexable>true</indexable>
            <quota>false</quota>
            <searchable>true</searchable>
            <system>false</system>
            <unlogged>false</unlogged>
        </visibility>
        <definition>load(&#xD;
  local!rid:null,&#xD;
  local!fid:#&quot;_a-0000d970-1815-8000-927a-010000010000_1976&quot;,&#xD;
  local!rtype:null,&#xD;
  local!rColorList:{&quot;SKYBLUE&quot;,&quot;RED&quot;,&quot;LIMEGREEN&quot;},&#xD;
  local!batchSize:10,&#xD;
  with(&#xD;
    local!reportComplete:and(not(isnull(local!rid)),tointeger(local!rid)&gt;0,not(#&quot;_a-0000d970-1815-8000-927a-010000010000_1982&quot;(local!rType))),&#xD;
    #&quot;SYSTEM_SYSRULES_formLayout&quot;(&#xD;
      label:&quot;Legacy Report to Sail&quot;,&#xD;
      instructions:&quot;Upgrade your old Portal Reports in no time! Now with colors.&quot;,&#xD;
      firstColumnContents:{&#xD;
        #&quot;SYSTEM_SYSRULES_pickerFieldFolders&quot;(&#xD;
          label:&quot;Report Folder&quot;,&#xD;
          instructions:&quot;Choose a Report Folder to search in&quot;,&#xD;
          maxSelections:1,&#xD;
          value:local!fid,&#xD;
          saveInto:local!fid&#xD;
        ),&#xD;
        if(&#xD;
          isnull(local!fid),&#xD;
          {},&#xD;
          #&quot;SYSTEM_SYSRULES_pickerFieldDocuments&quot;(&#xD;
            label:&quot;Report&quot;,&#xD;
            instructions:&quot;Choose a Portal Report (under System Reports and its subfolders)&quot;,&#xD;
            maxSelections:1,&#xD;
            value:local!rid,&#xD;
            saveInto:local!rid,&#xD;
            folderFilter:local!fid&#xD;
          )&#xD;
        ),&#xD;
        #&quot;SYSTEM_SYSRULES_dropdownField&quot;(&#xD;
          label:&quot;Chart Type&quot;,&#xD;
          value:local!rType,&#xD;
          placeholderLabel:&quot;--Select Chart Type --&quot;,&#xD;
          choiceLabels:{&quot;PIE&quot;,&quot;BAR&quot;,&quot;STACKED BAR&quot;,&quot;COLUMN&quot;,&quot;STACKED COLUMN&quot;,&quot;LINE&quot;,&quot;GRID&quot;},&#xD;
          choiceValues:{&quot;PIE&quot;,&quot;BAR&quot;,&quot;STACKED BAR&quot;,&quot;COLUMN&quot;,&quot;STACKED COLUMN&quot;,&quot;LINE&quot;,&quot;GRID&quot;},&#xD;
          saveInto:local!rType&#xD;
        ),&#xD;
        if(&#xD;
          contains({&quot;BAR&quot;,&quot;STACKED BAR&quot;,&quot;COLUMN&quot;,&quot;STACKED COLUMN&quot;,&quot;LINE&quot;},local!rType),&#xD;
          {&#xD;
            /*Color Checklist*/&#xD;
            #&quot;SYSTEM_SYSRULES_checkboxField&quot;(&#xD;
              label:&quot;Chart Colors&quot;,&#xD;
              instructions:&quot;Pick your favorite colors here&quot;,&#xD;
              value:local!rColorList,&#xD;
              placeholderLabel:&quot;--Select Chart Type --&quot;,&#xD;
              choiceLabels:#&quot;_a-0000d8f7-11c2-8000-3ca7-0a000064044c_64929&quot;,&#xD;
              choiceValues:#&quot;_a-0000d8f7-11c2-8000-3ca7-0a000064044c_64929&quot;,&#xD;
              saveInto:local!rColorList&#xD;
            ),&#xD;
          },&#xD;
          {}&#xD;
        ),&#xD;
        #&quot;SYSTEM_SYSRULES_integerField&quot;(&#xD;
          label:&quot;Batch Size&quot;,&#xD;
          instructions:&quot;How Many Data Elements to Display at Once?&quot;,&#xD;
          value:local!batchSize,&#xD;
          saveInto:local!batchSize&#xD;
        )&#xD;
      },&#xD;
      secondColumnContents:{&#xD;
        if(&#xD;
          local!reportComplete,&#xD;
          {&#xD;
            /*Display report with Options!*/&#xD;
            #&quot;_a-0000d8f7-11c2-8000-3ca7-0a000064044c_64919&quot;(&#xD;
              label:&quot;Report: &quot;&amp;#&quot;_a-0000d970-1815-8000-927a-010000010000_1973&quot;(todocument(local!rid)) , &#xD;
              instructions:&quot;This chart was generated using the expression below.&quot; , &#xD;
              reportdoc:local!rid , &#xD;
              batchsize:local!batchSize , &#xD;
              reporttype:local!rtype , &#xD;
              chartcolors:local!rColorList&#xD;
            ),&#xD;
            #&quot;SYSTEM_SYSRULES_paragraphField&quot;(&#xD;
              label:&quot;Your SAIL Expression&quot;,&#xD;
              value:&#xD;
              concat(&#xD;
                &quot;rule!UTIL_displayPortalReportInTempo(&quot;,&#xD;
                  &quot;reportdoc:&quot;,tointeger(local!rid) , &#xD;
                  &quot;, batchsize:&quot;,local!batchSize , &#xD;
                  &quot;, reporttype:&quot;&quot;&quot;,local!rtype , &#xD;
                  &quot;&quot;&quot;, chartcolors: {&quot;,&#xD;
                  substitute(tostring(apply(#&quot;_a-0000d8f7-11c2-8000-3ca7-0a000064044c_64954&quot;,local!rColorList)),&quot;;&quot;,&quot;,&quot;),&quot;})&quot;&#xD;
                ),&#xD;
                labelPosition:&quot;ABOVE&quot;&#xD;
            )&#xD;
          },&#xD;
          #&quot;SYSTEM_SYSRULES_imageField&quot;(&#xD;
            label:&quot;Awaiting Report Configuration&quot;,&#xD;
            instructions:&quot;Waiting for you to fill out all configuration options.&quot;,&#xD;
            images:{#&quot;SYSTEM_SYSRULES_documentImage&quot;(document: #&quot;_a-0000d96e-b6d7-8000-927a-010000010000_1458&quot;[6])}&#xD;
          )&#xD;
        )&#xD;
      },&#xD;
      buttons: #&quot;SYSTEM_SYSRULES_ButtonLayout&quot;(&#xD;
        secondaryButtons: {&#xD;
          #&quot;_a-0000d94c-e571-8000-927a-010000010000_625&quot;(ri!action, &quot;system&quot;)&#xD;
        }&#xD;
      )&#xD;
    )&#xD;
  )&#xD;
)</definition>
        <namedTypedValue>
            <name>action</name>
            <type>
                <name>string</name>
                <namespace>http://www.w3.org/2001/XMLSchema</namespace>
            </type>
            <value/>
        </namedTypedValue>
        <preferredEditor>interface</preferredEditor>
    </rule>
    <roleMap public="true">
        <role allowForAll="false" inherit="true" name="readers">
            <users/>
            <groups/>
        </role>
        <role allowForAll="false" inherit="true" name="authors">
            <users/>
            <groups/>
        </role>
        <role allowForAll="false" inherit="true" name="administrators">
            <users/>
            <groups/>
        </role>
        <role allowForAll="false" inherit="false" name="denyReaders">
            <users/>
            <groups/>
        </role>
        <role allowForAll="false" inherit="false" name="denyAuthors">
            <users/>
            <groups/>
        </role>
        <role allowForAll="false" inherit="false" name="denyAdministrators">
            <users/>
            <groups/>
        </role>
    </roleMap>
</contentHaul>
