<?xml version="1.0" encoding="UTF-8" standalone="yes"?>
<contentHaul xmlns:a="http://www.appian.com/ae/types/2009">
    <rule>
        <name>UTIL_calculateDatatypeInclude</name>
        <uuid>_a-0000d971-68fb-8000-927a-010000010000_2112</uuid>
        <description>Determines the include and import statements for the xsd.</description>
        <parentUuid>_a-0000d94b-6e9d-8000-927a-010000010000_445</parentUuid>
        <visibility>
            <advertise>false</advertise>
            <hierarchy>true</hierarchy>
            <indexable>true</indexable>
            <quota>false</quota>
            <searchable>true</searchable>
            <system>false</system>
            <unlogged>false</unlogged>
        </visibility>
        <definition>if(
  #&quot;_a-0000d970-1815-8000-927a-010000010000_1982&quot;(ri!element.cdtId),
  null,
  with(
    local!datatype: getDatatypeByID(ri!element.cdtId),
    if(
      ri!datatype.namespace &lt;&gt; local!datatype.value[3],
      &quot;&lt;xsd:import namespace=&quot; &amp; char(34) &amp; 
       local!datatype.value[3] &amp; char(34) &amp; 
       &quot; schemaLocation=&quot; &amp; char(34) &amp;  
       #&quot;_a-0000d971-68fb-8000-927a-010000010000_2126&quot;(
         char(123) &amp; 
          local!datatype.value[3] &amp; 
         char(125) &amp; local!datatype.label &amp; &quot;.xsd&quot;
       ) &amp; 
       char(34) &amp; &quot;/&gt;&quot;,
      &quot;&lt;xsd:include schemaLocation=&quot; &amp; char(34) &amp;  
       #&quot;_a-0000d971-68fb-8000-927a-010000010000_2126&quot;(
         char(123) &amp; 
          local!datatype.value[3] &amp; 
         char(125) &amp; local!datatype.label &amp; &quot;.xsd&quot;
       ) &amp; 
       char(34) &amp; &quot;/&gt;&quot;
    )
  )
)</definition>
        <namedTypedValue>
            <name>element</name>
            <type>
                <name>Variant</name>
                <namespace>http://www.appian.com/ae/types/2009</namespace>
            </type>
        </namedTypedValue>
        <namedTypedValue>
            <name>datatype</name>
            <type>
                <name>Variant</name>
                <namespace>http://www.appian.com/ae/types/2009</namespace>
            </type>
        </namedTypedValue>
        <preferredEditor>legacy</preferredEditor>
    </rule>
    <roleMap public="true">
        <role allowForAll="false" inherit="true" name="readers">
            <users/>
            <groups/>
        </role>
        <role allowForAll="false" inherit="true" name="authors">
            <users/>
            <groups/>
        </role>
        <role allowForAll="false" inherit="true" name="administrators">
            <users>
                <userUuid>mchirlin</userUuid>
            </users>
            <groups/>
        </role>
        <role allowForAll="false" inherit="false" name="denyReaders">
            <users/>
            <groups/>
        </role>
        <role allowForAll="false" inherit="false" name="denyAuthors">
            <users/>
            <groups/>
        </role>
        <role allowForAll="false" inherit="false" name="denyAdministrators">
            <users/>
            <groups/>
        </role>
    </roleMap>
</contentHaul>
