<?xml version="1.0" encoding="UTF-8" standalone="yes"?>
<contentHaul xmlns:a="http://www.appian.com/ae/types/2009">
    <rule>
        <name>UTIL_datatypePicker</name>
        <uuid>_a-0000d971-68fb-8000-927a-010000010000_2000</uuid>
        <description>Datatype picker</description>
        <parentUuid>_a-0000d94b-6e9d-8000-927a-010000010000_446</parentUuid>
        <visibility>
            <advertise>false</advertise>
            <hierarchy>true</hierarchy>
            <indexable>true</indexable>
            <quota>false</quota>
            <searchable>true</searchable>
            <system>false</system>
            <unlogged>false</unlogged>
        </visibility>
        <definition>load(&#xD;
  local!pickedDatatype,&#xD;
  #&quot;SYSTEM_SYSRULES_pickerFieldCustom&quot;(&#xD;
    label: ri!label,&#xD;
    instructions: &quot;Search by name&quot;,&#xD;
    maxSelections: 1,&#xD;
    suggestFunction: #&quot;_a-0000d971-68fb-8000-927a-010000010000_2002&quot;(filter:_),&#xD;
    selectedLabels: if(&#xD;
      or(isnull(local!pickedDatatype), count(local!pickedDatatype) = 0),&#xD;
      null,&#xD;
      apply(#&quot;_a-0000d971-68fb-8000-927a-010000010000_2007&quot;, local!pickedDatatype)&#xD;
    ),&#xD;
    required: true,&#xD;
    value: local!pickedDatatype,&#xD;
    saveInto: {&#xD;
      local!pickedDatatype,&#xD;
      ri!pickedDatatype&#xD;
    }&#xD;
  )&#xD;
)</definition>
        <namedTypedValue>
            <name>pickedDatatype</name>
            <type>
                <name>int</name>
                <namespace>http://www.w3.org/2001/XMLSchema</namespace>
            </type>
        </namedTypedValue>
        <namedTypedValue>
            <name>label</name>
            <type>
                <name>string</name>
                <namespace>http://www.w3.org/2001/XMLSchema</namespace>
            </type>
            <value/>
        </namedTypedValue>
        <preferredEditor>interface</preferredEditor>
    </rule>
    <roleMap public="true">
        <role allowForAll="false" inherit="true" name="readers">
            <users/>
            <groups/>
        </role>
        <role allowForAll="false" inherit="true" name="authors">
            <users/>
            <groups/>
        </role>
        <role allowForAll="false" inherit="true" name="administrators">
            <users>
                <userUuid>mchirlin</userUuid>
            </users>
            <groups/>
        </role>
        <role allowForAll="false" inherit="false" name="denyReaders">
            <users/>
            <groups/>
        </role>
        <role allowForAll="false" inherit="false" name="denyAuthors">
            <users/>
            <groups/>
        </role>
        <role allowForAll="false" inherit="false" name="denyAdministrators">
            <users/>
            <groups/>
        </role>
    </roleMap>
</contentHaul>
