<?xml version="1.0" encoding="UTF-8" standalone="yes"?>
<contentHaul xmlns:a="http://www.appian.com/ae/types/2009">
    <rule>
        <name>UTIL_displayUser</name>
        <uuid>_a-0000d970-1815-8000-927a-010000010000_1901</uuid>
        <description>Display a user</description>
        <parentUuid>_a-0000d94b-6e9d-8000-927a-010000010000_445</parentUuid>
        <visibility>
            <advertise>false</advertise>
            <hierarchy>true</hierarchy>
            <indexable>true</indexable>
            <quota>false</quota>
            <searchable>true</searchable>
            <system>false</system>
            <unlogged>false</unlogged>
        </visibility>
        <definition>if(isnull(ri!user), &quot;&quot;, 
if(isusernametaken(ri!user),
  user(ri!user, &quot;firstName&quot;) &amp; &quot; &quot; &amp; user(ri!user, &quot;lastName&quot;),
  tostring(ri!user)
))</definition>
        <namedTypedValue>
            <name>user</name>
            <type>
                <name>User</name>
                <namespace>http://www.appian.com/ae/types/2009</namespace>
            </type>
            <value/>
        </namedTypedValue>
        <preferredEditor>legacy</preferredEditor>
    </rule>
    <roleMap public="true">
        <role allowForAll="false" inherit="true" name="readers">
            <users/>
            <groups/>
        </role>
        <role allowForAll="false" inherit="true" name="authors">
            <users/>
            <groups/>
        </role>
        <role allowForAll="false" inherit="true" name="administrators">
            <users>
                <userUuid>mchirlin</userUuid>
            </users>
            <groups/>
        </role>
        <role allowForAll="false" inherit="false" name="denyReaders">
            <users/>
            <groups/>
        </role>
        <role allowForAll="false" inherit="false" name="denyAuthors">
            <users/>
            <groups/>
        </role>
        <role allowForAll="false" inherit="false" name="denyAdministrators">
            <users/>
            <groups/>
        </role>
    </roleMap>
</contentHaul>
