<?xml version="1.0" encoding="UTF-8" standalone="yes"?>
<contentHaul xmlns:a="http://www.appian.com/ae/types/2009">
    <rule>
        <name>UTIL_buildLink</name>
        <uuid>_a-0000d874-0240-8000-2646-010000010000_216</uuid>
        <description>If folder, create dynamicLink with saveInto. If document, create documentDownloadLink</description>
        <parentUuid>_a-0000d970-1815-8000-927a-010000010000_1851</parentUuid>
        <visibility>
            <advertise>false</advertise>
            <hierarchy>true</hierarchy>
            <indexable>true</indexable>
            <quota>false</quota>
            <searchable>true</searchable>
            <system>false</system>
            <unlogged>false</unlogged>
        </visibility>
        <definition>=if(
    #&quot;_a-0000d874-0240-8000-2646-010000010000_214&quot;(ri!folderOrDoc),
    #&quot;SYSTEM_SYSRULES_dynamicLink&quot;(
       value: #&quot;_a-0000d874-0240-8000-2646-010000010000_215&quot;(ri!folderOrDoc, &quot;id&quot;), 
       saveInto: {
         ri!folderSaveInto,
         ri!gridSelection &lt;&lt; #&quot;_a-0000d94b-6e9d-8000-927a-010000010000_440&quot;(
           #&quot;SYSTEM_SYSRULES_gridSelection&quot;(pagingInfo: ri!pagingInfo),
           _
         ),
         ri!selectedRows &lt;&lt; #&quot;_a-0000d94b-6e9d-8000-927a-010000010000_440&quot;(
           null,
           _
         )
       }
    ),
    #&quot;SYSTEM_SYSRULES_documentDownloadLink&quot;(
      document: #&quot;_a-0000d874-0240-8000-2646-010000010000_215&quot;(ri!folderOrDoc, &quot;id&quot;), 
      label: #&quot;_a-0000d874-0240-8000-2646-010000010000_215&quot;(ri!folderOrDoc, &quot;name&quot;)
    )
)</definition>
        <namedTypedValue>
            <name>folderOrDoc</name>
            <type>
                <name>CollaborationDocumentOrFolder</name>
                <namespace>http://www.appian.com/ae/types/2009</namespace>
            </type>
        </namedTypedValue>
        <namedTypedValue>
            <name>folderSaveInto</name>
            <type>
                <name>Save</name>
                <namespace>http://www.appian.com/ae/types/2009</namespace>
            </type>
            <value/>
        </namedTypedValue>
        <namedTypedValue>
            <name>gridSelection</name>
            <type>
                <name>Save</name>
                <namespace>http://www.appian.com/ae/types/2009</namespace>
            </type>
            <value/>
        </namedTypedValue>
        <namedTypedValue>
            <name>selectedRows</name>
            <type>
                <name>Save</name>
                <namespace>http://www.appian.com/ae/types/2009</namespace>
            </type>
            <value/>
        </namedTypedValue>
        <namedTypedValue>
            <name>pagingInfo</name>
            <type>
                <name>Variant</name>
                <namespace>http://www.appian.com/ae/types/2009</namespace>
            </type>
        </namedTypedValue>
        <preferredEditor>legacy</preferredEditor>
    </rule>
    <roleMap public="true">
        <role allowForAll="false" inherit="true" name="readers">
            <users/>
            <groups/>
        </role>
        <role allowForAll="false" inherit="true" name="authors">
            <users/>
            <groups/>
        </role>
        <role allowForAll="false" inherit="true" name="administrators">
            <users>
                <userUuid>Administrator</userUuid>
            </users>
            <groups/>
        </role>
        <role allowForAll="false" inherit="false" name="denyReaders">
            <users/>
            <groups/>
        </role>
        <role allowForAll="false" inherit="false" name="denyAuthors">
            <users/>
            <groups/>
        </role>
        <role allowForAll="false" inherit="false" name="denyAdministrators">
            <users/>
            <groups/>
        </role>
    </roleMap>
</contentHaul>
