<?xml version="1.0" encoding="UTF-8" standalone="yes"?>
<contentHaul xmlns:a="http://www.appian.com/ae/types/2009">
    <rule>
        <name>UTIL_calculateDatatypeElement</name>
        <uuid>_a-0000d971-68fb-8000-927a-010000010000_2132</uuid>
        <description></description>
        <parentUuid>_a-0000d94b-6e9d-8000-927a-010000010000_445</parentUuid>
        <visibility>
            <advertise>false</advertise>
            <hierarchy>true</hierarchy>
            <indexable>true</indexable>
            <quota>false</quota>
            <searchable>true</searchable>
            <system>false</system>
            <unlogged>false</unlogged>
        </visibility>
        <definition>if(
  #&quot;_a-0000d970-1815-8000-927a-010000010000_1982&quot;(ri!element.cdtId),
  'type!{http://plugins.ps.appiancorp.com/suite/types/}UTIL_Element'(
    fieldName: ri!element.fieldName,
    fieldType: ri!element.fieldType,
    minOccurs: ri!element.minOccurs,
    maxOccurs: ri!element.maxOccurs,
    nillable: ri!element.nillable,
    annotations: #&quot;_a-0000d971-68fb-8000-927a-010000010000_2084&quot;(ri!element)
  ),
  with(
    local!datatype: getDatatypeById(ri!element.cdtId),
    'type!{http://plugins.ps.appiancorp.com/suite/types/}UTIL_Element'(
      fieldName: ri!element.fieldName,
      fieldType: #&quot;_a-0000d971-68fb-8000-927a-010000010000_2144&quot;(
        local!datatype.value[3]) &amp; &quot;:&quot; &amp; #&quot;_a-0000d971-68fb-8000-927a-010000010000_2007&quot;(ri!element.cdtId
      ),
      minOccurs: ri!element.minOccurs,
      maxOccurs: ri!element.maxOccurs,
      nillable: ri!element.nillable,
      annotations: #&quot;_a-0000d971-68fb-8000-927a-010000010000_2084&quot;(ri!element)
    )   
  )
)</definition>
        <namedTypedValue>
            <name>element</name>
            <type>
                <name>Variant</name>
                <namespace>http://www.appian.com/ae/types/2009</namespace>
            </type>
        </namedTypedValue>
        <preferredEditor>legacy</preferredEditor>
    </rule>
    <roleMap public="true">
        <role allowForAll="false" inherit="true" name="readers">
            <users/>
            <groups/>
        </role>
        <role allowForAll="false" inherit="true" name="authors">
            <users/>
            <groups/>
        </role>
        <role allowForAll="false" inherit="true" name="administrators">
            <users>
                <userUuid>mchirlin</userUuid>
            </users>
            <groups/>
        </role>
        <role allowForAll="false" inherit="false" name="denyReaders">
            <users/>
            <groups/>
        </role>
        <role allowForAll="false" inherit="false" name="denyAuthors">
            <users/>
            <groups/>
        </role>
        <role allowForAll="false" inherit="false" name="denyAdministrators">
            <users/>
            <groups/>
        </role>
    </roleMap>
</contentHaul>
