<?xml version="1.0" encoding="UTF-8" standalone="yes"?>
<contentHaul xmlns:a="http://www.appian.com/ae/types/2009">
    <rule>
        <name>UTIL_displayContentDetailsGrid</name>
        <uuid>_a-0000d971-68fb-8000-927a-010000010000_2025</uuid>
        <description>Display content details grid from id or uuid</description>
        <parentUuid>_a-0000d94b-6e9d-8000-927a-010000010000_445</parentUuid>
        <visibility>
            <advertise>false</advertise>
            <hierarchy>true</hierarchy>
            <indexable>true</indexable>
            <quota>false</quota>
            <searchable>true</searchable>
            <system>false</system>
            <unlogged>false</unlogged>
        </visibility>
        <definition>if(
  not(#&quot;_a-0000d970-1815-8000-927a-010000010000_1982&quot;(ri!value)),
  if(
    ri!idType = &quot;UUID&quot;,
    #&quot;a1e5592f-269d-44b6-8bf7-9d4a0df02989&quot;(
      labelValue: getContentByUUID(
        tostring(ri!value)
      ),
      label: ri!label,
      headers: #&quot;_a-0000d970-1815-8000-927a-010000010000_1806&quot;(
        tostring(ri!value)
      )
    ),
    #&quot;a1e5592f-269d-44b6-8bf7-9d4a0df02989&quot;(
      labelValue: getContentByID(
        tointeger(ri!value)
      ),
      label: ri!label,
      headers: #&quot;_a-0000d970-1815-8000-927a-010000010000_1846&quot;(
        tointeger(ri!value)
      )
    )
  ),
  {}
)</definition>
        <namedTypedValue>
            <name>value</name>
            <type>
                <name>Variant</name>
                <namespace>http://www.appian.com/ae/types/2009</namespace>
            </type>
        </namedTypedValue>
        <namedTypedValue>
            <name>idType</name>
            <type>
                <name>string</name>
                <namespace>http://www.w3.org/2001/XMLSchema</namespace>
            </type>
            <value/>
        </namedTypedValue>
        <namedTypedValue>
            <name>label</name>
            <type>
                <name>string</name>
                <namespace>http://www.w3.org/2001/XMLSchema</namespace>
            </type>
            <value/>
        </namedTypedValue>
        <preferredEditor>legacy</preferredEditor>
    </rule>
    <roleMap public="true">
        <role allowForAll="false" inherit="true" name="readers">
            <users/>
            <groups/>
        </role>
        <role allowForAll="false" inherit="true" name="authors">
            <users/>
            <groups/>
        </role>
        <role allowForAll="false" inherit="true" name="administrators">
            <users>
                <userUuid>mchirlin</userUuid>
            </users>
            <groups/>
        </role>
        <role allowForAll="false" inherit="false" name="denyReaders">
            <users/>
            <groups/>
        </role>
        <role allowForAll="false" inherit="false" name="denyAuthors">
            <users/>
            <groups/>
        </role>
        <role allowForAll="false" inherit="false" name="denyAdministrators">
            <users/>
            <groups/>
        </role>
    </roleMap>
</contentHaul>
