<?xml version="1.0" encoding="UTF-8" standalone="yes"?>
<contentHaul xmlns:a="http://www.appian.com/ae/types/2009">
    <rule>
        <name>UTIL_contentBrowserForm</name>
        <uuid>_a-0000d874-0240-8000-2646-010000010000_219</uuid>
        <description>Content browser form</description>
        <parentUuid>_a-0000d96e-b6d7-8000-927a-010000010000_1795</parentUuid>
        <visibility>
            <advertise>false</advertise>
            <hierarchy>true</hierarchy>
            <indexable>true</indexable>
            <quota>false</quota>
            <searchable>true</searchable>
            <system>false</system>
            <unlogged>false</unlogged>
        </visibility>
        <definition>= load(&#xD;
  /* Apparently you can't use a Folder as a saveInto variable */&#xD;
  local!topLevelFolder: tointeger(#&quot;_a-0000d874-0240-8000-2646-010000010000_213&quot;),&#xD;
  local!folderToView: local!topLevelFolder,&#xD;
  local!selectedRows,&#xD;
  local!fileUpload,&#xD;
  local!pagingInfo: #&quot;SYSTEM_SYSRULES_pagingInfo&quot;(&#xD;
    startIndex: 1,&#xD;
    batchSize: 15&#xD;
  ),&#xD;
  local!gridSelection: #&quot;SYSTEM_SYSRULES_gridSelection&quot;(&#xD;
    pagingInfo: local!pagingInfo&#xD;
  ),&#xD;
  local!searchType: 0,&#xD;
  #&quot;SYSTEM_SYSRULES_formLayout&quot;(&#xD;
    label:&quot;Content Browser&quot;,&#xD;
    firstColumnContents: {&#xD;
      if(&#xD;
        local!searchType = 0,&#xD;
        #&quot;SYSTEM_SYSRULES_pickerFieldFolders&quot;(&#xD;
          label:&quot;Content Folder&quot;,&#xD;
          instructions:&quot;Choose a Folder to search in&quot;,&#xD;
          maxSelections:1,&#xD;
          value: tofolder(local!topLevelFolder),&#xD;
          saveInto:{&#xD;
            local!topLevelFolder &lt;&lt; folder(_, &quot;id&quot;),&#xD;
            local!folderToView &lt;&lt; folder(_, &quot;id&quot;)&#xD;
          }&#xD;
        ),&#xD;
        #&quot;SYSTEM_SYSRULES_integerField&quot;(&#xD;
          label: &quot;Content Folder Id&quot;,&#xD;
          instruction: &quot;Type the Id of the Folder to search&quot;,&#xD;
          value: tofolder(local!topLevelFolder),&#xD;
          saveInto:{&#xD;
            local!topLevelFolder &lt;&lt; folder(_, &quot;id&quot;),&#xD;
            local!folderToView &lt;&lt; folder(_, &quot;id&quot;)&#xD;
          }&#xD;
        )&#xD;
      ),&#xD;
      if(&#xD;
        or(&#xD;
          isnull(local!folderToView),&#xD;
          len(local!folderToView) = 0&#xD;
        ),&#xD;
        {},&#xD;
        with(&#xD;
          local!docs: getdocumentsfromfolder(&#xD;
            tofolder(local!folderToView),&#xD;
            false()&#xD;
          ),&#xD;
          local!folders: getsubfoldersfromfolder(&#xD;
            tofolder(local!folderToView),&#xD;
            false()&#xD;
          ),&#xD;
          local!docsAndFolders: if(&#xD;
            and(&#xD;
              length(local!folders) &gt; 0,&#xD;
              length(local!docs) &gt; 0&#xD;
            ),&#xD;
            append(&#xD;
              apply(&#xD;
                #&quot;_a-0000d874-0240-8000-2646-010000010000_268&quot;,&#xD;
                local!folders&#xD;
              ),&#xD;
              apply(&#xD;
                #&quot;_a-0000d874-0240-8000-2646-010000010000_268&quot;,&#xD;
                local!docs&#xD;
              )&#xD;
            ),&#xD;
            if(&#xD;
              length(local!folders) &gt; 0,&#xD;
              apply(&#xD;
                #&quot;_a-0000d874-0240-8000-2646-010000010000_268&quot;,&#xD;
                local!folders&#xD;
              ),&#xD;
              apply(&#xD;
                #&quot;_a-0000d874-0240-8000-2646-010000010000_268&quot;,&#xD;
                local!docs&#xD;
              )&#xD;
            )&#xD;
          ),&#xD;
          /* without the tointeger() cast, the topaginginfo below fails! */&#xD;
          local!totalCount: tointeger(&#xD;
            max(&#xD;
              length(&#xD;
                local!docsAndFolders&#xD;
              ),&#xD;
              1&#xD;
            )&#xD;
          ),&#xD;
          local!dataSubset: todatasubset(&#xD;
            arrayToPage: local!docsAndFolders,&#xD;
            pagingConfiguration: local!gridSelection.pagingInfo&#xD;
          ),&#xD;
          {&#xD;
            if(&#xD;
              or(&#xD;
                local!folderToView = local!topLevelFolder,&#xD;
                isnull(folder(tofolder(local!folderToView), &quot;parentFolderId&quot;))&#xD;
              ),&#xD;
              {},&#xD;
              #&quot;SYSTEM_SYSRULES_linkField&quot;(&#xD;
                links: {&#xD;
                  #&quot;SYSTEM_SYSRULES_dynamicLink&quot;(&#xD;
                    label: &quot;^ Up one level&quot;,&#xD;
                    value: folder(&#xD;
                      tofolder(&#xD;
                        local!folderToView&#xD;
                      ),&#xD;
                      &quot;parentFolderId&quot;&#xD;
                    ),&#xD;
                    saveInto: {&#xD;
                      local!folderToView,&#xD;
                      local!gridSelection &lt;&lt; #&quot;_a-0000d94b-6e9d-8000-927a-010000010000_440&quot;(&#xD;
                        #&quot;SYSTEM_SYSRULES_gridSelection&quot;(pagingInfo: local!pagingInfo),&#xD;
                        _&#xD;
                      ),&#xD;
                      local!selectedRows &lt;&lt; #&quot;_a-0000d94b-6e9d-8000-927a-010000010000_440&quot;(&#xD;
                        null,&#xD;
                        _&#xD;
                      )&#xD;
                    }&#xD;
                  )&#xD;
                },&#xD;
                labelPosition: &quot;COLLAPSED&quot;&#xD;
              )&#xD;
            ),&#xD;
            /* Grid Field Start Here */&#xD;
            #&quot;SYSTEM_SYSRULES_gridField&quot;(&#xD;
              value: local!gridSelection,&#xD;
              identifiers: if(&#xD;
                local!dataSubset.totalCount &gt; 0,&#xD;
                enumerate(length(local!dataSubset.data)) + &#xD;
                 local!gridSelection.pagingInfo.startIndex,&#xD;
                {}&#xD;
              ),&#xD;
              selection: true,&#xD;
              totalCount: local!totalCount,&#xD;
              saveInto: {&#xD;
                local!gridSelection,&#xD;
                local!selectedRows &lt;&lt; index(_, &quot;selected&quot;, null)&#xD;
              },&#xD;
              /*validations: {&#xD;
                if(&#xD;
                  or(&#xD;
                    length(local!selectedRows) = 0,&#xD;
                    isnull(index(local!docsAndFolders, local!selectedRows, null))&#xD;
                  ),&#xD;
                  null,&#xD;
                  if(&#xD;
                    or(&#xD;
                      apply(&#xD;
                        rule!UTIL_containsFolderWithFiles,&#xD;
                        index(local!docsAndFolders, local!selectedRows, {})&#xD;
                      )&#xD;
                    ),&#xD;
                    &quot;Folder is not empty&quot;,&#xD;
                    null&#xD;
                  )&#xD;
                )&#xD;
              },&#xD;
              validationGroup: &quot;delete&quot;,*/&#xD;
              columns: {&#xD;
                #&quot;SYSTEM_SYSRULES_gridTextColumn&quot;(&#xD;
                  label: &quot;Contents&quot;,&#xD;
                  selection: true,&#xD;
                  data: apply(&#xD;
                    #&quot;_a-0000d934-d5e7-8000-9ba2-011c48011c48_116533&quot; ,&#xD;
                    local!dataSubset.data&#xD;
                  ),&#xD;
                  links: apply(&#xD;
                    #&quot;_a-0000d874-0240-8000-2646-010000010000_216&quot;(&#xD;
                      folderOrDoc: _,&#xD;
                      folderSaveInto: local!folderToView,&#xD;
                      gridSelection: local!gridSelection,&#xD;
                      selectedRows: local!selectedRows,&#xD;
                      pagingInfo: local!pagingInfo&#xD;
                    ),&#xD;
                    local!dataSubset.data&#xD;
                  )&#xD;
                ),&#xD;
                #&quot;SYSTEM_SYSRULES_gridTextColumn&quot;(&#xD;
                  label: &quot;Created&quot;,&#xD;
                  data: apply(&#xD;
                    #&quot;_a-0000d874-0240-8000-2646-010000010000_215&quot;(&#xD;
                      folderOrDoc: _,&#xD;
                      property: &quot;dateCreated&quot;&#xD;
                    ),&#xD;
                    local!dataSubset.data&#xD;
                  )&#xD;
                ),&#xD;
                #&quot;SYSTEM_SYSRULES_gridTextColumn&quot;(&#xD;
                  label: &quot;Last Modified By&quot;,&#xD;
                  data: apply(&#xD;
                    #&quot;_a-0000d874-0240-8000-2646-010000010000_280&quot;,&#xD;
                    local!dataSubset.data&#xD;
                  )&#xD;
                ),&#xD;
                #&quot;SYSTEM_SYSRULES_gridTextColumn&quot;(&#xD;
                  label: &quot;Internal Filename&quot;,&#xD;
                  data: apply(&#xD;
                    #&quot;_a-0000d970-1815-8000-927a-010000010000_1855&quot;,&#xD;
                    local!dataSubset.data&#xD;
                  )&#xD;
                )&#xD;
              }&#xD;
            )&#xD;
          /* Grid Field ends here */&#xD;
          }&#xD;
        )&#xD;
      )&#xD;
    },&#xD;
    buttons: #&quot;SYSTEM_SYSRULES_ButtonLayout&quot;(&#xD;
      primaryButtons: {&#xD;
        if(&#xD;
          local!searchType = 0,&#xD;
          #&quot;SYSTEM_SYSRULES_ButtonWidget&quot;(&#xD;
            label: &quot;Search by Content Folder Id&quot;,&#xD;
            value: 1,&#xD;
            saveInto: {&#xD;
              local!searchType,&#xD;
              local!topLevelFolder &lt;&lt; #&quot;_a-0000d94b-6e9d-8000-927a-010000010000_440&quot;(&#xD;
                tointeger(#&quot;_a-0000d874-0240-8000-2646-010000010000_213&quot;),&#xD;
                _&#xD;
              )&#xD;
            }&#xD;
          ),&#xD;
          #&quot;SYSTEM_SYSRULES_ButtonWidget&quot;(&#xD;
            label: &quot;Search by Content Picker&quot;,&#xD;
            value: 0,&#xD;
            saveInto: {&#xD;
              local!searchType,&#xD;
              local!topLevelFolder &lt;&lt; #&quot;_a-0000d94b-6e9d-8000-927a-010000010000_440&quot;(&#xD;
                tointeger(#&quot;_a-0000d874-0240-8000-2646-010000010000_213&quot;),&#xD;
                _&#xD;
              )&#xD;
            }&#xD;
          )&#xD;
        )&#xD;
      },&#xD;
      secondaryButtons: {&#xD;
        #&quot;_a-0000d94c-e571-8000-927a-010000010000_625&quot;(ri!action, &quot;system&quot;)&#xD;
      }&#xD;
    )&#xD;
  )&#xD;
)</definition>
        <namedTypedValue>
            <name>action</name>
            <type>
                <name>string</name>
                <namespace>http://www.w3.org/2001/XMLSchema</namespace>
            </type>
            <value/>
        </namedTypedValue>
        <preferredEditor>interface</preferredEditor>
    </rule>
    <roleMap public="true">
        <role allowForAll="false" inherit="true" name="readers">
            <users/>
            <groups/>
        </role>
        <role allowForAll="false" inherit="true" name="authors">
            <users/>
            <groups/>
        </role>
        <role allowForAll="false" inherit="true" name="administrators">
            <users>
                <userUuid>Administrator</userUuid>
            </users>
            <groups/>
        </role>
        <role allowForAll="false" inherit="false" name="denyReaders">
            <users/>
            <groups/>
        </role>
        <role allowForAll="false" inherit="false" name="denyAuthors">
            <users/>
            <groups/>
        </role>
        <role allowForAll="false" inherit="false" name="denyAdministrators">
            <users/>
            <groups/>
        </role>
    </roleMap>
</contentHaul>
