<?xml version="1.0" encoding="UTF-8" standalone="yes"?>
<contentHaul xmlns:a="http://www.appian.com/ae/types/2009">
    <rule>
        <name>UTIL_createDatatypeForm</name>
        <uuid>a28fde10-27f7-4925-a794-2285786763bc</uuid>
        <description>Interface to create a datatype</description>
        <parentUuid>_a-0000d96e-b6d7-8000-927a-010000010000_1793</parentUuid>
        <visibility>
            <advertise>false</advertise>
            <hierarchy>true</hierarchy>
            <indexable>true</indexable>
            <quota>false</quota>
            <searchable>true</searchable>
            <system>false</system>
            <unlogged>false</unlogged>
        </visibility>
        <definition>=load(&#xD;
  local!datatype: if(&#xD;
    #&quot;_a-0000d970-1815-8000-927a-010000010000_1982&quot;(ri!datatype),&#xD;
    'type!{http://plugins.ps.appiancorp.com/suite/types/}UTIL_Datatype'(),&#xD;
    ri!datatype&#xD;
  ),&#xD;
  local!elementIndex,&#xD;
  /* Needed when adding or removing items via a!applyComponents */&#xD;
  local!itemsToken,&#xD;
  with(&#xD;
    local!xsd: createxsdfromdatatype(&#xD;
      'type!{http://plugins.ps.appiancorp.com/suite/types/}UTIL_Datatype'(&#xD;
        name: local!datatype.name,&#xD;
        description: local!datatype.description,&#xD;
        namespace: local!datatype.namespace,&#xD;
        elements: #&quot;_a-0000d971-68fb-8000-927a-010000010000_2131&quot;(local!datatype),&#xD;
        includes: #&quot;_a-0000d971-68fb-8000-927a-010000010000_2110&quot;(local!datatype),&#xD;
        includeNamespaces: #&quot;_a-0000d971-68fb-8000-927a-010000010000_2137&quot;(local!datatype),&#xD;
        annotations: #&quot;_a-0000d972-e9ba-8000-927a-010000010000_2220&quot;(local!datatype)&#xD;
      )&#xD;
    ),&#xD;
    #&quot;SYSTEM_SYSRULES_formLayout&quot;(&#xD;
      label: &quot;Create a Datatype XSD&quot;,&#xD;
      firstColumnContents: {&#xD;
        #&quot;SYSTEM_SYSRULES_sectionLayout&quot;(&#xD;
          label: &quot;Datatype Details&quot;,&#xD;
          firstColumnContents: {&#xD;
            #&quot;SYSTEM_SYSRULES_textField&quot;(&#xD;
              label: &quot;Name&quot;,&#xD;
              instructions: &quot;&quot;,&#xD;
              value: local!datatype.name,&#xD;
              saveInto: local!datatype.name&#xD;
            ),&#xD;
            #&quot;SYSTEM_SYSRULES_textField&quot;(&#xD;
              label: &quot;Table Name&quot;,&#xD;
              instructions: &quot;&quot;,&#xD;
              value: if(&#xD;
                #&quot;_a-0000d970-1815-8000-927a-010000010000_1982&quot;(local!datatype.tableName),&#xD;
                local!datatype.name,&#xD;
                local!datatype.tableName&#xD;
              ),&#xD;
              saveInto: local!datatype.tableName&#xD;
            )&#xD;
          },&#xD;
          secondColumnContents: {&#xD;
            #&quot;SYSTEM_SYSRULES_textField&quot;(&#xD;
              label: &quot;Description&quot;,&#xD;
              instructions: &quot;&quot;,&#xD;
              value: local!datatype.description,&#xD;
              saveInto: local!datatype.description&#xD;
            ),&#xD;
            #&quot;SYSTEM_SYSRULES_textField&quot;(&#xD;
              label: &quot;Namespace&quot;,&#xD;
              instructions: &quot;&quot;,&#xD;
              value: local!datatype.namespace,&#xD;
              saveInto: local!datatype.namespace&#xD;
            )&#xD;
          }&#xD;
        ),&#xD;
        #&quot;SYSTEM_SYSRULES_sectionLayout&quot;(&#xD;
          label: &quot;Fields&quot;,&#xD;
          firstColumnContents: {&#xD;
            #&quot;SYSTEM_SYSRULES_gridLayout&quot;(&#xD;
              label: &quot;&quot;,&#xD;
              instructions: &quot;&quot;,&#xD;
              headerCells: {&#xD;
                #&quot;SYSTEM_SYSRULES_gridLayoutHeaderCell&quot;(label: &quot;Field Name&quot;),&#xD;
                #&quot;SYSTEM_SYSRULES_gridLayoutHeaderCell&quot;(label: &quot;Field Type&quot;),&#xD;
                #&quot;SYSTEM_SYSRULES_gridLayoutHeaderCell&quot;(label: &quot;Additional Details&quot;),&#xD;
                #&quot;SYSTEM_SYSRULES_gridLayoutHeaderCell&quot;(label: &quot;&quot;),&#xD;
                #&quot;SYSTEM_SYSRULES_gridLayoutHeaderCell&quot;(label: &quot;&quot;),&#xD;
                #&quot;SYSTEM_SYSRULES_gridLayoutHeaderCell&quot;(label: &quot;&quot;)&#xD;
              },&#xD;
              columnConfigs: {&#xD;
                #&quot;SYSTEM_SYSRULES_gridLayoutColumnConfig&quot;(width: &quot;DISTRIBUTE&quot;),&#xD;
                #&quot;SYSTEM_SYSRULES_gridLayoutColumnConfig&quot;(width: &quot;DISTRIBUTE&quot;),&#xD;
                #&quot;SYSTEM_SYSRULES_gridLayoutColumnConfig&quot;(width: &quot;DISTRIBUTE&quot;),&#xD;
                #&quot;SYSTEM_SYSRULES_gridLayoutColumnConfig&quot;(width: &quot;NARROW&quot;),&#xD;
                #&quot;SYSTEM_SYSRULES_gridLayoutColumnConfig&quot;(width: &quot;NARROW&quot;),&#xD;
                #&quot;SYSTEM_SYSRULES_gridLayoutColumnConfig&quot;(width: &quot;NARROW&quot;)&#xD;
              },&#xD;
              rows: {&#xD;
                #&quot;SYSTEM_SYSRULES_applyComponents&quot;(&#xD;
                  function: #&quot;_a-0000d971-68fb-8000-927a-010000010000_2063&quot;(&#xD;
                    elements: local!datatype.elements,&#xD;
                    index: _,&#xD;
                    itemsToken: local!itemsToken,&#xD;
                    elementIndex: local!elementIndex&#xD;
                  ),&#xD;
                  array: if(or(isnull(local!datatype.elements), count(local!datatype.elements) &lt; 1), {}, 1+enumerate(count(local!datatype.elements))),&#xD;
                  arrayVariable: local!itemsToken&#xD;
                )&#xD;
              }&#xD;
            ),&#xD;
            #&quot;SYSTEM_SYSRULES_linkField&quot;(&#xD;
              label: &quot;Add Link&quot;,&#xD;
              labelPosition: &quot;COLLAPSED&quot;,&#xD;
              links: #&quot;SYSTEM_SYSRULES_dynamicLink&quot;(&#xD;
                label: &quot;+Add Item&quot;,&#xD;
                value: 'type!{http://plugins.ps.appiancorp.com/suite/types/}UTIL_Element'(),&#xD;
                saveInto: {&#xD;
                  local!datatype.elements &lt;&lt; fn!append(local!datatype.elements, _),&#xD;
                  local!itemsToken &lt;&lt; fn!append(local!itemsToken, _),&#xD;
                  local!elementIndex &lt;&lt; #&quot;_a-0000d94b-6e9d-8000-927a-010000010000_440&quot;(&#xD;
                    length(local!datatype.elements),&#xD;
                    _&#xD;
                  )&#xD;
                }&#xD;
              )&#xD;
            )&#xD;
          }&#xD;
        ),&#xD;
        if(&#xD;
          tointeger(local!elementIndex) &gt; 0,&#xD;
          #&quot;SYSTEM_SYSRULES_sectionLayout&quot;(&#xD;
            label: &quot;Additional Details for Field: &quot; &amp; if(&#xD;
              local!datatype.elements[local!elementIndex].fieldName = &quot;&quot;,&#xD;
              local!elementIndex,&#xD;
              local!datatype.elements[local!elementIndex].fieldName&#xD;
            ),&#xD;
            firstColumnContents: {&#xD;
              #&quot;SYSTEM_SYSRULES_textField&quot;(&#xD;
                label: &quot;Column Name&quot;,&#xD;
                value: if(&#xD;
                  #&quot;_a-0000d970-1815-8000-927a-010000010000_1982&quot;(local!datatype.elements[local!elementIndex].columnName),&#xD;
                  local!datatype.elements[local!elementIndex].fieldName,&#xD;
                  local!datatype.elements[local!elementIndex].columnName&#xD;
                ),&#xD;
                saveInto: {&#xD;
                  local!datatype.elements[local!elementIndex].columnName,&#xD;
                  local!datatype.elements[local!elementIndex].annotations &lt;&lt; #&quot;_a-0000d94b-6e9d-8000-927a-010000010000_440&quot;(&#xD;
                    #&quot;_a-0000d971-68fb-8000-927a-010000010000_2084&quot;(local!datatype.elements[local!elementIndex]),&#xD;
                    _&#xD;
                  )&#xD;
                }&#xD;
              ),&#xD;
              #&quot;SYSTEM_SYSRULES_textField&quot;(&#xD;
                label: &quot;Column Definition&quot;,&#xD;
                instructions: &quot;eg. VARCHAR(2000)&quot;,&#xD;
                value: local!datatype.elements[local!elementIndex].columnDefinition,&#xD;
                saveInto: {&#xD;
                  local!datatype.elements[local!elementIndex].columnDefinition,&#xD;
                  local!datatype.elements[local!elementIndex].annotations &lt;&lt; #&quot;_a-0000d94b-6e9d-8000-927a-010000010000_440&quot;(&#xD;
                    #&quot;_a-0000d971-68fb-8000-927a-010000010000_2084&quot;(local!datatype.elements[local!elementIndex]),&#xD;
                    _&#xD;
                  )&#xD;
                }&#xD;
              )&#xD;
            },&#xD;
            secondColumnContents: {&#xD;
              #&quot;SYSTEM_SYSRULES_checkboxField&quot;(&#xD;
                label: &quot;Primary Key&quot;,&#xD;
                choiceLabels: {&quot;&quot;},&#xD;
                choiceValues: {true},&#xD;
                value: local!datatype.elements[local!elementIndex].primaryKey,&#xD;
                saveInto: local!datatype.elements[local!elementIndex].primaryKey&#xD;
              ),&#xD;
              #&quot;SYSTEM_SYSRULES_checkboxField&quot;(&#xD;
                label: &quot;Nillable&quot;,&#xD;
                choiceLabels: {&quot;&quot;},&#xD;
                choiceValues: {true},&#xD;
                value: local!datatype.elements[local!elementIndex].nillable,&#xD;
                saveInto: local!datatype.elements[local!elementIndex].nillable&#xD;
              ),&#xD;
              #&quot;SYSTEM_SYSRULES_checkboxField&quot;(&#xD;
                label: &quot;Multiple&quot;,&#xD;
                choiceLabels: {&quot;&quot;},&#xD;
                choiceValues: {&quot;unbounded&quot;},&#xD;
                value: local!datatype.elements[local!elementIndex].maxOccurs,&#xD;
                saveInto: local!datatype.elements[local!elementIndex].maxOccurs&#xD;
              )&#xD;
            }&#xD;
          ),&#xD;
          {}&#xD;
        ),&#xD;
        if(&#xD;
          index(index(local!datatype.elements, local!elementIndex, &quot;&quot;), &quot;fieldType&quot;, &quot;&quot;) = &quot;custom&quot;,&#xD;
          #&quot;SYSTEM_SYSRULES_sectionLayout&quot;(&#xD;
            label: &quot;CDT Details for Field: &quot; &amp; if(&#xD;
              local!datatype.elements[local!elementIndex].fieldName = &quot;&quot;,&#xD;
              local!elementIndex,&#xD;
              local!datatype.elements[local!elementIndex].fieldName&#xD;
            ),&#xD;
            firstColumnContents: {&#xD;
              #&quot;SYSTEM_SYSRULES_pickerFieldCustom&quot;(&#xD;
                label: &quot;Custom Datatype&quot;,&#xD;
                instructions: &quot;Search by name&quot;,&#xD;
                maxSelections: 1,&#xD;
                suggestFunction: #&quot;_a-0000d971-68fb-8000-927a-010000010000_2002&quot;(filter:_),&#xD;
                required: true,&#xD;
                selectedLabels: if(&#xD;
                  #&quot;_a-0000d970-1815-8000-927a-010000010000_1982&quot;(local!datatype.elements[local!elementIndex].cdtId),&#xD;
                  null,&#xD;
                  #&quot;_a-0000d971-68fb-8000-927a-010000010000_2007&quot;(local!datatype.elements[local!elementIndex].cdtId)&#xD;
                ),&#xD;
                value: if(&#xD;
                  #&quot;_a-0000d970-1815-8000-927a-010000010000_1982&quot;(local!datatype.elements[local!elementIndex].cdtId),&#xD;
                  null,&#xD;
                  local!datatype.elements[local!elementIndex].cdtId&#xD;
                ),&#xD;
                saveInto: {&#xD;
                  local!datatype.elements[local!elementIndex].cdtId&#xD;
                }&#xD;
              ),&#xD;
              if(&#xD;
                local!datatype.elements[local!elementIndex].dataRelationship.type = &quot;ManyToMany&quot;,&#xD;
                #&quot;SYSTEM_SYSRULES_textField&quot;(&#xD;
                  label: &quot;Join Table Name&quot;,&#xD;
                  value: local!datatype.elements[local!elementIndex].dataRelationship.joinTableName,&#xD;
                  saveInto: local!datatype.elements[local!elementIndex].dataRelationship.joinTableName&#xD;
                ),&#xD;
                {}&#xD;
              ),&#xD;
              #&quot;SYSTEM_SYSRULES_textField&quot;(&#xD;
                label: &quot;Join Column Name&quot;,&#xD;
                value: local!datatype.elements[local!elementIndex].dataRelationship.joinColumnName,&#xD;
                saveInto: local!datatype.elements[local!elementIndex].dataRelationship.joinColumnName&#xD;
              ),&#xD;
              if(&#xD;
                local!datatype.elements[local!elementIndex].dataRelationship.type = &quot;ManyToMany&quot;,&#xD;
                #&quot;SYSTEM_SYSRULES_textField&quot;(&#xD;
                  label: &quot;Inverse Join Column Name&quot;,&#xD;
                  value: local!datatype.elements[local!elementIndex].dataRelationship.inverseJoinColumnName,&#xD;
                  saveInto: local!datatype.elements[local!elementIndex].dataRelationship.inverseJoinColumnName&#xD;
                ),&#xD;
                {}&#xD;
              ),&#xD;
            },&#xD;
            secondColumnContents: {&#xD;
              #&quot;SYSTEM_SYSRULES_dropdownField&quot;(&#xD;
                label: &quot;Data Relationship Type&quot;,&#xD;
                instructions: &quot;eg. 'Many To One' = Lookup or 'One To Many' = Multiple&quot;,&#xD;
                choiceLabels: #&quot;_a-0000d972-a9c9-8000-927a-010000010000_2203&quot;,&#xD;
                choiceValues: #&quot;_a-0000d972-a9c9-8000-927a-010000010000_2204&quot;,&#xD;
                placeHolderLabel: &quot;-Select type-&quot;,&#xD;
                value: local!datatype.elements[local!elementIndex].dataRelationship.type,&#xD;
                saveInto: local!datatype.elements[local!elementIndex].dataRelationship.type&#xD;
              ),&#xD;
              if(&#xD;
                not(#&quot;_a-0000d970-1815-8000-927a-010000010000_1982&quot;(local!datatype.elements[local!elementIndex].dataRelationship.type)),&#xD;
                {&#xD;
                  #&quot;SYSTEM_SYSRULES_dropdownField&quot;(&#xD;
                    label: &quot;Cascade Type&quot;,&#xD;
                    choiceLabels: #&quot;_a-0000d972-a9c9-8000-927a-010000010000_2205&quot;,&#xD;
                    choiceValues: #&quot;_a-0000d972-a9c9-8000-927a-010000010000_2206&quot;,&#xD;
                    placeHolderLabel: &quot;-Select type-&quot;,&#xD;
                    value: local!datatype.elements[local!elementIndex].dataRelationship.cascade,&#xD;
                    saveInto: local!datatype.elements[local!elementIndex].dataRelationship.cascade&#xD;
                  ),&#xD;
                  if(&#xD;
                    or(&#xD;
                      local!datatype.elements[local!elementIndex].dataRelationship.type = &quot;ManyToOne&quot;,&#xD;
                      local!datatype.elements[local!elementIndex].dataRelationship.type = &quot;OneToOne&quot;&#xD;
                    ),&#xD;
                    #&quot;SYSTEM_SYSRULES_checkboxField&quot;(&#xD;
                      label: &quot;Optional&quot;,&#xD;
                      choiceLabels: {&quot;&quot;},&#xD;
                      choiceValues: {true},&#xD;
                      value: local!datatype.elements[local!elementIndex].dataRelationship.optional,&#xD;
                      saveInto: local!datatype.elements[local!elementIndex].dataRelationship.optional&#xD;
                    ),&#xD;
                    {}&#xD;
                  ),&#xD;
                  if(&#xD;
                    or(&#xD;
                      local!datatype.elements[local!elementIndex].dataRelationship.type = &quot;OneToMany&quot;,&#xD;
                      local!datatype.elements[local!elementIndex].dataRelationship.type = &quot;ManyToMany&quot;&#xD;
                    ),&#xD;
                    #&quot;SYSTEM_SYSRULES_checkboxField&quot;(&#xD;
                      label: &quot;Indexed&quot;,&#xD;
                      choiceLabels: {&quot;&quot;},&#xD;
                      choiceValues: {true},&#xD;
                      value: local!datatype.elements[local!elementIndex].dataRelationship.indexed,&#xD;
                      saveInto: local!datatype.elements[local!elementIndex].dataRelationship.indexed&#xD;
                    ),&#xD;
                    {}&#xD;
                  )&#xD;
                },&#xD;
                {}&#xD;
              )&#xD;
            }&#xD;
          ),&#xD;
          {}&#xD;
        ),&#xD;
        #&quot;SYSTEM_SYSRULES_sectionLayout&quot;(&#xD;
          label:&quot;Results&quot;,&#xD;
          firstColumnContents:{&#xD;
            #&quot;SYSTEM_SYSRULES_paragraphField&quot;(&#xD;
              label: &quot;Generated XSD&quot;,&#xD;
              value: local!xsd&#xD;
            )&#xD;
          },&#xD;
          secondColumnContents: {&#xD;
            if(&#xD;
              #&quot;_a-0000d970-1815-8000-927a-010000010000_1982&quot;(ri!doc),&#xD;
              {},&#xD;
              {&#xD;
                #&quot;SYSTEM_SYSRULES_linkField&quot;(&#xD;
                  label: &quot;Generated Document&quot;,&#xD;
                  links: {&#xD;
                    #&quot;SYSTEM_SYSRULES_documentDownloadLink&quot;(&#xD;
                      document: ri!doc,&#xD;
                      label: document(ri!doc, &quot;name&quot;)&#xD;
                    )&#xD;
                  }&#xD;
                )&#xD;
              }&#xD;
            )&#xD;
          }&#xD;
        )&#xD;
      },&#xD;
      buttons: #&quot;SYSTEM_SYSRULES_ButtonLayout&quot;(&#xD;
        primaryButtons: {&#xD;
          #&quot;SYSTEM_SYSRULES_ButtonWidget&quot;(&#xD;
            label: &quot;Clear Datatype&quot;,&#xD;
            submit: false,&#xD;
            style: &quot;DESTRUCTIVE&quot;,&#xD;
            confirmMessage: &quot;Are you sure you want to clear the datatype?&quot;,&#xD;
            value: 'type!{http://plugins.ps.appiancorp.com/suite/types/}UTIL_Datatype'(),&#xD;
            saveInto: {&#xD;
              local!datatype,&#xD;
              local!itemsToken &lt;&lt; #&quot;_a-0000d94b-6e9d-8000-927a-010000010000_440&quot;(null, _),&#xD;
              local!elementIndex &lt;&lt; #&quot;_a-0000d94b-6e9d-8000-927a-010000010000_440&quot;(null, _),&#xD;
              ri!doc &lt;&lt; #&quot;_a-0000d94b-6e9d-8000-927a-010000010000_440&quot;(null, _)&#xD;
            }&#xD;
          ),&#xD;
          #&quot;SYSTEM_SYSRULES_ButtonWidget&quot;(&#xD;
            label: &quot;Create XSD&quot;,&#xD;
            submit: true,&#xD;
            style: &quot;PRIMARY&quot;,&#xD;
            value: local!datatype.name,&#xD;
            saveInto: {&#xD;
              ri!name,&#xD;
              ri!xsd &lt;&lt; #&quot;_a-0000d94b-6e9d-8000-927a-010000010000_440&quot;(local!xsd, _),&#xD;
              ri!datatype &lt;&lt; #&quot;_a-0000d94b-6e9d-8000-927a-010000010000_440&quot;(local!datatype, _)&#xD;
            }&#xD;
          )&#xD;
        },&#xD;
        secondaryButtons: {&#xD;
          #&quot;_a-0000d94c-e571-8000-927a-010000010000_625&quot;(ri!action, &quot;system&quot;)&#xD;
        }&#xD;
      )&#xD;
    )&#xD;
  )&#xD;
)&#xD;
</definition>
        <namedTypedValue>
            <name>action</name>
            <type>
                <name>string</name>
                <namespace>http://www.w3.org/2001/XMLSchema</namespace>
            </type>
            <value/>
        </namedTypedValue>
        <namedTypedValue>
            <name>xsd</name>
            <type>
                <name>string</name>
                <namespace>http://www.w3.org/2001/XMLSchema</namespace>
            </type>
            <value/>
        </namedTypedValue>
        <namedTypedValue>
            <name>name</name>
            <type>
                <name>string</name>
                <namespace>http://www.w3.org/2001/XMLSchema</namespace>
            </type>
            <value/>
        </namedTypedValue>
        <namedTypedValue>
            <name>doc</name>
            <type>
                <name>CollaborationDocument</name>
                <namespace>http://www.appian.com/ae/types/2009</namespace>
            </type>
        </namedTypedValue>
        <namedTypedValue>
            <name>datatype</name>
            <type>
                <name>Variant</name>
                <namespace>http://www.appian.com/ae/types/2009</namespace>
            </type>
        </namedTypedValue>
        <preferredEditor>interface</preferredEditor>
    </rule>
    <roleMap public="true">
        <role allowForAll="false" inherit="true" name="readers">
            <users/>
            <groups/>
        </role>
        <role allowForAll="false" inherit="true" name="authors">
            <users/>
            <groups/>
        </role>
        <role allowForAll="false" inherit="true" name="administrators">
            <users>
                <userUuid>mchirlin</userUuid>
            </users>
            <groups/>
        </role>
        <role allowForAll="false" inherit="false" name="denyReaders">
            <users/>
            <groups/>
        </role>
        <role allowForAll="false" inherit="false" name="denyAuthors">
            <users/>
            <groups/>
        </role>
        <role allowForAll="false" inherit="false" name="denyAdministrators">
            <users/>
            <groups/>
        </role>
    </roleMap>
</contentHaul>
