<?xml version="1.0" encoding="UTF-8" standalone="yes"?>
<contentHaul xmlns:a="http://www.appian.com/ae/types/2009">
    <rule>
        <name>UTIL_uploadDocument</name>
        <uuid>ab326568-7e75-4889-8a95-e77331e37bd3</uuid>
        <description>Upload a new document</description>
        <parentUuid>_a-0000d96e-b6d7-8000-927a-010000010000_1795</parentUuid>
        <visibility>
            <advertise>false</advertise>
            <hierarchy>true</hierarchy>
            <indexable>true</indexable>
            <quota>false</quota>
            <searchable>true</searchable>
            <system>false</system>
            <unlogged>false</unlogged>
        </visibility>
        <definition>#&quot;SYSTEM_SYSRULES_sectionLayout&quot;(&#xD;
  label: &quot;Upload File&quot;,&#xD;
  firstColumnContents: {&#xD;
    #&quot;SYSTEM_SYSRULES_textField&quot;(&#xD;
      label: &quot;Destination&quot;,&#xD;
      readOnly: true,&#xD;
      value: folder(&#xD;
        ri!folderToView,&#xD;
        &quot;name&quot;&#xD;
      )&#xD;
    ),&#xD;
    #&quot;SYSTEM_SYSRULES_fileUploadField&quot;(&#xD;
      label: &quot;File&quot;,&#xD;
      instructions: &quot;Any format is acceptable.&quot;,&#xD;
      required: true,&#xD;
      target: ri!folderToView,&#xD;
      value: ri!fileUpload,&#xD;
      saveInto: ri!fileUpload&#xD;
    ),&#xD;
    #&quot;SYSTEM_SYSRULES_textField&quot;(&#xD;
      label: &quot;Description&quot;,&#xD;
      readOnly: false,&#xD;
      value: ri!fileDescription,&#xD;
      saveInto: ri!fileDescription&#xD;
    ),&#xD;
    #&quot;SYSTEM_SYSRULES_ButtonLayout&quot;(&#xD;
      primaryButtons: {&#xD;
        #&quot;SYSTEM_SYSRULES_ButtonWidget&quot;(&#xD;
          label: &quot;Submit&quot;,&#xD;
          style: &quot;PRIMARY&quot;,&#xD;
          submit: true,&#xD;
          value: &quot;submit&quot;,&#xD;
          saveInto: ri!formAction&#xD;
        ),&#xD;
        #&quot;SYSTEM_SYSRULES_ButtonWidget&quot;(&#xD;
          label: &quot;Cancel&quot;,&#xD;
          validate: &quot;false&quot;,&#xD;
          submit: true,&#xD;
          value: &quot;cancel&quot;,&#xD;
          saveInto: ri!formAction&#xD;
        )&#xD;
      }&#xD;
    )&#xD;
  }&#xD;
)</definition>
        <namedTypedValue>
            <name>formAction</name>
            <type>
                <name>string</name>
                <namespace>http://www.w3.org/2001/XMLSchema</namespace>
            </type>
            <value/>
        </namedTypedValue>
        <namedTypedValue>
            <name>folderToView</name>
            <type>
                <name>CollaborationFolder</name>
                <namespace>http://www.appian.com/ae/types/2009</namespace>
            </type>
        </namedTypedValue>
        <namedTypedValue>
            <name>fileUpload</name>
            <type>
                <name>CollaborationDocument</name>
                <namespace>http://www.appian.com/ae/types/2009</namespace>
            </type>
        </namedTypedValue>
        <namedTypedValue>
            <name>fileDescription</name>
            <type>
                <name>string</name>
                <namespace>http://www.w3.org/2001/XMLSchema</namespace>
            </type>
            <value/>
        </namedTypedValue>
        <preferredEditor>interface</preferredEditor>
    </rule>
    <roleMap public="true">
        <role allowForAll="false" inherit="true" name="readers">
            <users/>
            <groups/>
        </role>
        <role allowForAll="false" inherit="true" name="authors">
            <users/>
            <groups/>
        </role>
        <role allowForAll="false" inherit="true" name="administrators">
            <users/>
            <groups/>
        </role>
        <role allowForAll="false" inherit="false" name="denyReaders">
            <users/>
            <groups/>
        </role>
        <role allowForAll="false" inherit="false" name="denyAuthors">
            <users/>
            <groups/>
        </role>
        <role allowForAll="false" inherit="false" name="denyAdministrators">
            <users/>
            <groups/>
        </role>
    </roleMap>
</contentHaul>
