<?xml version="1.0" encoding="UTF-8" standalone="yes"?>
<contentHaul xmlns:a="http://www.appian.com/ae/types/2009">
    <rule>
        <name>UTIL_createFolder</name>
        <uuid>b79818b9-38ac-45ca-9f2f-234c8177ed55</uuid>
        <description>Interface to create a new folder.</description>
        <parentUuid>_a-0000d96e-b6d7-8000-927a-010000010000_1795</parentUuid>
        <visibility>
            <advertise>false</advertise>
            <hierarchy>true</hierarchy>
            <indexable>true</indexable>
            <quota>false</quota>
            <searchable>true</searchable>
            <system>false</system>
            <unlogged>false</unlogged>
        </visibility>
        <definition>/* SAIL to show form for creating new folder */&#xD;
#&quot;SYSTEM_SYSRULES_sectionLayout&quot;(&#xD;
  label: &quot;Create Folder&quot;,&#xD;
  firstColumnContents: {&#xD;
    #&quot;SYSTEM_SYSRULES_textField&quot;(&#xD;
      label: &quot;Name&quot;,&#xD;
      instructions: &quot;This folder will be created in &quot; &amp; if(&#xD;
        or(&#xD;
          isnull(&#xD;
            ri!folderToView&#xD;
          ),&#xD;
          ri!folderToView = &quot;&quot;,&#xD;
          length(&#xD;
            ri!folderToView&#xD;
          ) = 0&#xD;
        ),&#xD;
        &quot;Root level folder&quot;,&#xD;
        folder(&#xD;
          ri!folderToView,&#xD;
          &quot;name&quot;&#xD;
        )&#xD;
      ),&#xD;
      readOnly: false,&#xD;
      required: true,&#xD;
      value: ri!folderName,&#xD;
      saveInto: ri!folderName&#xD;
    ),&#xD;
    #&quot;SYSTEM_SYSRULES_textField&quot;(&#xD;
      label: &quot;Description&quot;,&#xD;
      readOnly: false,&#xD;
      required: true,&#xD;
      value: ri!folderDescription,&#xD;
      saveInto: ri!folderDescription&#xD;
    ),&#xD;
    #&quot;SYSTEM_SYSRULES_ButtonLayout&quot;(&#xD;
      primaryButtons: {&#xD;
        #&quot;SYSTEM_SYSRULES_ButtonWidget&quot;(&#xD;
          label: &quot;Create&quot;,&#xD;
          style: &quot;PRIMARY&quot;,&#xD;
          submit: true,&#xD;
          value: &quot;submit&quot;,&#xD;
          saveInto: ri!formAction&#xD;
        ),&#xD;
        #&quot;SYSTEM_SYSRULES_ButtonWidget&quot;(&#xD;
          label: &quot;Cancel&quot;,&#xD;
          validate: &quot;false&quot;,&#xD;
          submit: true,&#xD;
          value: &quot;cancel&quot;,&#xD;
          saveInto: ri!formAction&#xD;
        )&#xD;
      }&#xD;
    )&#xD;
  }&#xD;
)&#xD;
/* Code for Create New New folder ends here */</definition>
        <namedTypedValue>
            <name>folderToView</name>
            <type>
                <name>CollaborationFolder</name>
                <namespace>http://www.appian.com/ae/types/2009</namespace>
            </type>
        </namedTypedValue>
        <namedTypedValue>
            <name>formAction</name>
            <type>
                <name>string</name>
                <namespace>http://www.w3.org/2001/XMLSchema</namespace>
            </type>
            <value/>
        </namedTypedValue>
        <namedTypedValue>
            <name>folderName</name>
            <type>
                <name>string</name>
                <namespace>http://www.w3.org/2001/XMLSchema</namespace>
            </type>
            <value/>
        </namedTypedValue>
        <namedTypedValue>
            <name>folderDescription</name>
            <type>
                <name>string</name>
                <namespace>http://www.w3.org/2001/XMLSchema</namespace>
            </type>
            <value/>
        </namedTypedValue>
        <preferredEditor>interface</preferredEditor>
    </rule>
    <roleMap public="true">
        <role allowForAll="false" inherit="true" name="readers">
            <users/>
            <groups/>
        </role>
        <role allowForAll="false" inherit="true" name="authors">
            <users/>
            <groups/>
        </role>
        <role allowForAll="false" inherit="true" name="administrators">
            <users/>
            <groups/>
        </role>
        <role allowForAll="false" inherit="false" name="denyReaders">
            <users/>
            <groups/>
        </role>
        <role allowForAll="false" inherit="false" name="denyAuthors">
            <users/>
            <groups/>
        </role>
        <role allowForAll="false" inherit="false" name="denyAdministrators">
            <users/>
            <groups/>
        </role>
    </roleMap>
</contentHaul>
