<?xml version="1.0" encoding="UTF-8" standalone="yes"?>
<contentHaul xmlns:a="http://www.appian.com/ae/types/2009">
    <rule>
        <name>UTIL_processModelLegacyToSailForm</name>
        <uuid>ba5ed38c-209e-46dc-8020-0befb817a754</uuid>
        <description></description>
        <parentUuid>_a-0000d94b-6e9d-8000-927a-010000010000_446</parentUuid>
        <visibility>
            <advertise>false</advertise>
            <hierarchy>true</hierarchy>
            <indexable>true</indexable>
            <quota>false</quota>
            <searchable>true</searchable>
            <system>false</system>
            <unlogged>false</unlogged>
        </visibility>
        <definition>=load(&#xD;
  local!document: index(ri!docs, 1, null),&#xD;
  #&quot;SYSTEM_SYSRULES_formLayout&quot;(&#xD;
    label: &quot;Legacy to SAIL Form&quot;,&#xD;
    instructions: &quot;Submit .aff file&quot;,&#xD;
    firstColumnContents: {&#xD;
      #&quot;SYSTEM_SYSRULES_fileUploadField&quot;(&#xD;
        label: &quot;Legacy Form&quot;,&#xD;
        value: local!document,&#xD;
        target: #&quot;_a-0000d96e-b6d7-8000-927a-010000010000_1527&quot;,&#xD;
        saveInto: {&#xD;
          ri!docs&#xD;
        }&#xD;
      ),&#xD;
      if(&#xD;
        not(isnull(local!document)),&#xD;
        {&#xD;
          #&quot;SYSTEM_SYSRULES_paragraphField&quot;(&#xD;
            label: &quot;Expression&quot;,&#xD;
            value: afftosailform(local!document, true)&#xD;
          )&#xD;
        },&#xD;
        {}&#xD;
      )&#xD;
    },&#xD;
    buttons: #&quot;SYSTEM_SYSRULES_ButtonLayout&quot;(&#xD;
      primaryButtons: {&#xD;
        if(&#xD;
          not(isnull(local!document)),&#xD;
          #&quot;SYSTEM_SYSRULES_ButtonWidget&quot;(&#xD;
            label: &quot;View Rendering&quot;,&#xD;
            style: &quot;&quot;,&#xD;
            validate: true,&#xD;
            submit: true,&#xD;
            value: &quot;process-legacy-rendering&quot;,&#xD;
            saveInto: ri!action&#xD;
          ),&#xD;
          {}&#xD;
        ),&#xD;
        #&quot;SYSTEM_SYSRULES_ButtonWidget&quot;(&#xD;
          label: &quot;Submit&quot;,&#xD;
          style: &quot;PRIMARY&quot;,&#xD;
          validate: true,&#xD;
          submit: true,&#xD;
          value: &quot;process-legacy-sail&quot;,&#xD;
          saveInto: ri!action&#xD;
        )&#xD;
      },&#xD;
      secondaryButtons: {&#xD;
        #&quot;_a-0000d94c-e571-8000-927a-010000010000_625&quot;(ri!action, &quot;system&quot;)&#xD;
      }&#xD;
    )&#xD;
  )&#xD;
)&#xD;
</definition>
        <namedTypedValue>
            <name>action</name>
            <type>
                <name>string</name>
                <namespace>http://www.w3.org/2001/XMLSchema</namespace>
            </type>
            <value/>
        </namedTypedValue>
        <namedTypedValue>
            <name>docs</name>
            <type>
                <name>CollaborationDocument?list</name>
                <namespace>http://www.appian.com/ae/types/2009</namespace>
            </type>
        </namedTypedValue>
        <preferredEditor>interface</preferredEditor>
    </rule>
    <roleMap public="true">
        <role allowForAll="false" inherit="true" name="readers">
            <users/>
            <groups/>
        </role>
        <role allowForAll="false" inherit="true" name="authors">
            <users/>
            <groups/>
        </role>
        <role allowForAll="false" inherit="true" name="administrators">
            <users>
                <userUuid>mchirlin</userUuid>
            </users>
            <groups/>
        </role>
        <role allowForAll="false" inherit="false" name="denyReaders">
            <users/>
            <groups/>
        </role>
        <role allowForAll="false" inherit="false" name="denyAuthors">
            <users/>
            <groups/>
        </role>
        <role allowForAll="false" inherit="false" name="denyAdministrators">
            <users/>
            <groups/>
        </role>
    </roleMap>
</contentHaul>
