<?xml version="1.0" encoding="UTF-8" standalone="yes"?>
<contentHaul xmlns:a="http://www.appian.com/ae/types/2009">
    <rule>
        <name>UTIL_systemUtilsForms</name>
        <uuid>c65d13c1-95f6-4e51-9c54-03da308ae74d</uuid>
        <description>Interface displaying all combined utility links</description>
        <parentUuid>_a-0000d94b-6e9d-8000-927a-010000010000_446</parentUuid>
        <visibility>
            <advertise>false</advertise>
            <hierarchy>true</hierarchy>
            <indexable>true</indexable>
            <quota>false</quota>
            <searchable>true</searchable>
            <system>false</system>
            <unlogged>false</unlogged>
        </visibility>
        <definition>#&quot;SYSTEM_SYSRULES_formLayout&quot;(
  label: &quot;System Utilities&quot;,
  instructions: &quot;Select an option&quot;,
  firstColumnContents: {
    #&quot;SYSTEM_SYSRULES_sectionLayout&quot;(
      label: &quot;Content Utilities&quot;,
      firstColumnContents:{
        #&quot;SYSTEM_SYSRULES_imageField&quot;(
          images:{
            #&quot;SYSTEM_SYSRULES_documentImage&quot;(
              document: #&quot;_a-0000d96e-b6d7-8000-927a-010000010000_1466&quot;[1]
            )
          },
          size:&quot;STANDARD&quot;
        )
      },
      secondColumnContents:{
        #&quot;c682333c-113b-49bf-bb82-2a30e953efb8&quot;(ri!action)
      }
    ),
    #&quot;SYSTEM_SYSRULES_sectionLayout&quot;(
      label: &quot;Rules Utilities&quot;,
      firstColumnContents:{
        #&quot;SYSTEM_SYSRULES_imageField&quot;(
          images:{
            #&quot;SYSTEM_SYSRULES_documentImage&quot;(
              document: #&quot;_a-0000d96e-b6d7-8000-927a-010000010000_1466&quot;[2]
            )
          },
          size:&quot;STANDARD&quot;
        )
      },
      secondColumnContents:{
        #&quot;2c9c4aa6-93a3-4b16-a48b-b908aa627bb1&quot;(ri!action)
      }
    ),
    #&quot;SYSTEM_SYSRULES_sectionLayout&quot;(
      label: &quot;Process Model Utilities&quot;,
      firstColumnContents:{
        #&quot;SYSTEM_SYSRULES_imageField&quot;(
          images:{
            #&quot;SYSTEM_SYSRULES_documentImage&quot;(
              document: #&quot;_a-0000d96e-b6d7-8000-927a-010000010000_1466&quot;[3]
            )
          },
          size:&quot;STANDARD&quot;
        )
      },
      secondColumnContents:{
        #&quot;f6bab914-68c3-429b-bb1d-7f7d152f9d35&quot;(ri!action)
      }
    ),
    #&quot;SYSTEM_SYSRULES_sectionLayout&quot;(
      label: &quot;Design Utilities&quot;,
      firstColumnContents:{
        #&quot;SYSTEM_SYSRULES_imageField&quot;(
          images:{
            #&quot;SYSTEM_SYSRULES_documentImage&quot;(
              document: #&quot;_a-0000d96e-b6d7-8000-927a-010000010000_1466&quot;[5]
            )
          },
          size:&quot;STANDARD&quot;
        )
      },
      secondColumnContents:{
        #&quot;df7f1184-1426-4496-986f-272d1d509166&quot;(ri!action)
      }
    ),
    #&quot;SYSTEM_SYSRULES_sectionLayout&quot;(
      label: &quot;Server Utilities&quot;,
      firstColumnContents:{
        #&quot;SYSTEM_SYSRULES_imageField&quot;(
          images:{
            #&quot;SYSTEM_SYSRULES_documentImage&quot;(
              document: #&quot;_a-0000d96e-b6d7-8000-927a-010000010000_1466&quot;[4]
            )
          },
          size:&quot;STANDARD&quot;
        )
      },
      secondColumnContents:{
        #&quot;b71f2e38-6acd-4ab7-951a-de6da1403b90&quot;(ri!action)
      }
    )
  },
  buttons: #&quot;SYSTEM_SYSRULES_ButtonLayout&quot;(
    secondaryButtons: {
      #&quot;SYSTEM_SYSRULES_ButtonWidget&quot;(
        label: &quot;Close&quot;,
        validate: false,
        submit: true,
        value: &quot;cancel&quot;,
        saveInto: ri!action
      )
    }
  )
)
</definition>
        <namedTypedValue>
            <name>action</name>
            <type>
                <name>string</name>
                <namespace>http://www.w3.org/2001/XMLSchema</namespace>
            </type>
            <value/>
        </namedTypedValue>
        <preferredEditor>interface</preferredEditor>
    </rule>
    <roleMap public="true">
        <role allowForAll="false" inherit="true" name="readers">
            <users/>
            <groups/>
        </role>
        <role allowForAll="false" inherit="true" name="authors">
            <users/>
            <groups/>
        </role>
        <role allowForAll="false" inherit="true" name="administrators">
            <users>
                <userUuid>Administrator</userUuid>
            </users>
            <groups/>
        </role>
        <role allowForAll="false" inherit="false" name="denyReaders">
            <users/>
            <groups/>
        </role>
        <role allowForAll="false" inherit="false" name="denyAuthors">
            <users/>
            <groups/>
        </role>
        <role allowForAll="false" inherit="false" name="denyAdministrators">
            <users/>
            <groups/>
        </role>
    </roleMap>
</contentHaul>
