<?xml version="1.0" encoding="UTF-8" standalone="yes"?>
<contentHaul xmlns:a="http://www.appian.com/ae/types/2009">
    <rule>
        <name>UTIL_designUtilsForm</name>
        <uuid>df7f1184-1426-4496-986f-272d1d509166</uuid>
        <description>Interface displaying all design utility links</description>
        <parentUuid>_a-0000d96e-b6d7-8000-927a-010000010000_1793</parentUuid>
        <visibility>
            <advertise>false</advertise>
            <hierarchy>true</hierarchy>
            <indexable>true</indexable>
            <quota>false</quota>
            <searchable>true</searchable>
            <system>false</system>
            <unlogged>false</unlogged>
        </visibility>
        <definition>{
  #&quot;SYSTEM_SYSRULES_linkField&quot;(
    links: {
      #&quot;SYSTEM_SYSRULES_dynamicLink&quot;(
        label: &quot;Legacy Form to SAIL Converter&quot;,
        value: &quot;design-form-legacy-sail&quot;,
        saveInto: ri!action
      )
    }
  ),
  #&quot;SYSTEM_SYSRULES_linkField&quot;(
    links: {
      #&quot;SYSTEM_SYSRULES_dynamicLink&quot;(
        label: &quot;Legacy Report to SAIL Converter&quot;,
        value: &quot;design-report-legacy-sail&quot;,
        saveInto: ri!action
      )
    }
  ),
  #&quot;SYSTEM_SYSRULES_linkField&quot;(
    links: {
      #&quot;SYSTEM_SYSRULES_dynamicLink&quot;(
        label: &quot;Create a Datatype XSD&quot;,
        value: &quot;design-datatype-xsd&quot;,
        saveInto: ri!action
      )
    }
  )
}</definition>
        <namedTypedValue>
            <name>action</name>
            <type>
                <name>Variant</name>
                <namespace>http://www.appian.com/ae/types/2009</namespace>
            </type>
        </namedTypedValue>
        <preferredEditor>interface</preferredEditor>
    </rule>
    <roleMap public="true">
        <role allowForAll="false" inherit="true" name="readers">
            <users/>
            <groups/>
        </role>
        <role allowForAll="false" inherit="true" name="authors">
            <users/>
            <groups/>
        </role>
        <role allowForAll="false" inherit="true" name="administrators">
            <users>
                <userUuid>mchirlin</userUuid>
            </users>
            <groups/>
        </role>
        <role allowForAll="false" inherit="false" name="denyReaders">
            <users/>
            <groups/>
        </role>
        <role allowForAll="false" inherit="false" name="denyAuthors">
            <users/>
            <groups/>
        </role>
        <role allowForAll="false" inherit="false" name="denyAdministrators">
            <users/>
            <groups/>
        </role>
    </roleMap>
</contentHaul>
