<?xml version="1.0" encoding="UTF-8" standalone="yes"?>
<contentHaul xmlns:a="http://www.appian.com/ae/types/2009">
    <rule>
        <name>UTIL_ruleCopierForm</name>
        <uuid>e4482176-3434-4e06-9680-488b0f8b7703</uuid>
        <description>Interface used for copying rules or constants</description>
        <parentUuid>_a-0000d96e-b6d7-8000-927a-010000010000_1794</parentUuid>
        <visibility>
            <advertise>false</advertise>
            <hierarchy>true</hierarchy>
            <indexable>true</indexable>
            <quota>false</quota>
            <searchable>true</searchable>
            <system>false</system>
            <unlogged>false</unlogged>
        </visibility>
        <definition>=load(&#xD;
  local!pickedFolder,&#xD;
  local!newName,&#xD;
  local!folderId,&#xD;
  #&quot;SYSTEM_SYSRULES_formLayout&quot;(&#xD;
    label: &quot;Rule Copier&quot;,&#xD;
    instructions: &quot;Select a rule to copy&quot;,&#xD;
    firstColumnContents: {&#xD;
      with(&#xD;
        local!rule: getContentByUuid(tostring(ri!pickedRule)),&#xD;
        local!newName: if(isnull(ri!newName), local!rule.label, ri!newName),&#xD;
        {&#xD;
          #&quot;60e87a95-0aa7-4c20-a07c-2949e5f2c9a2&quot;(&#xD;
            pickedRule: ri!pickedRule&#xD;
          ),&#xD;
          if(&#xD;
            not(#&quot;_a-0000d970-1815-8000-927a-010000010000_1982&quot;(ri!pickedRule)),&#xD;
            {&#xD;
              #&quot;SYSTEM_SYSRULES_textField&quot;(&#xD;
                label: &quot;New Name&quot;,&#xD;
                instructions: &quot;New name for rule/constant&quot;, &#xD;
                required: true,&#xD;
                validations: {&#xD;
                  if(&#xD;
                    isnull(local!newName), &#xD;
                    null,&#xD;
                    if(&#xD;
                      find(&quot; &quot;, local!newName) &lt;&gt; 0,&#xD;
                      &quot;New new cannot contain spaces&quot;,&#xD;
                      null&#xD;
                    )&#xD;
                  ),&#xD;
                  if(&#xD;
                    local!newName = #&quot;_a-0000d96e-b6d7-8000-927a-010000010000_1516&quot;(ri!pickedRule),&#xD;
                    &quot;Please choose a new name&quot;,&#xD;
                    null&#xD;
                  )&#xD;
                },&#xD;
                value: local!newName,&#xD;
                saveInto: {&#xD;
                  local!newName,&#xD;
                  ri!newName&#xD;
                }&#xD;
              ),&#xD;
              #&quot;SYSTEM_SYSRULES_sectionLayout&quot;(&#xD;
                firstColumnContents: {&#xD;
                  #&quot;SYSTEM_SYSRULES_integerField&quot;(&#xD;
                    label: &quot;Folder Id&quot;,&#xD;
                    instructions: &quot;Enter the folder id manually or Choose the folder from the picker&quot;,&#xD;
                    value: if(&#xD;
                      #&quot;_a-0000d970-1815-8000-927a-010000010000_1982&quot;(local!pickedFolder),&#xD;
                      local!folderId,&#xD;
                      null&#xD;
                    ),&#xD;
                    saveInto: {&#xD;
                      local!folderId,&#xD;
                      local!pickedFolder &lt;&lt; #&quot;_a-0000d94b-6e9d-8000-927a-010000010000_440&quot;(null, _),&#xD;
                      ri!folder &lt;&lt; tofolder(_)&#xD;
                    }&#xD;
                  )&#xD;
                },&#xD;
                secondColumnContents: {&#xD;
                  #&quot;5857ecef-93f2-46b1-8712-379d8312509d&quot;(&#xD;
                    pickedFolder: local!pickedFolder,&#xD;
                    required: false,&#xD;
                    folder: ri!folder&#xD;
                  )&#xD;
                }&#xD;
              ),&#xD;
              if(&#xD;
                not(#&quot;_a-0000d970-1815-8000-927a-010000010000_1982&quot;(local!pickedFolder)),&#xD;
                #&quot;a1e5592f-269d-44b6-8bf7-9d4a0df02989&quot;(&#xD;
                  labelValue: getContentByUUID(tostring(local!pickedFolder)),&#xD;
                  label: &quot;Folder Details&quot;,&#xD;
                  headers: #&quot;_a-0000d970-1815-8000-927a-010000010000_1806&quot;(tostring(local!pickedFolder))&#xD;
                ),&#xD;
                if(&#xD;
                  not(#&quot;_a-0000d970-1815-8000-927a-010000010000_1982&quot;(local!folderId)),&#xD;
                  #&quot;a1e5592f-269d-44b6-8bf7-9d4a0df02989&quot;(&#xD;
                    labelValue: getContentByID(local!folderId),&#xD;
                    label: &quot;Folder Details&quot;,&#xD;
                    headers: #&quot;_a-0000d970-1815-8000-927a-010000010000_1846&quot;(local!folderId)&#xD;
                  ),&#xD;
                  {}&#xD;
                )&#xD;
              )&#xD;
            },&#xD;
            {}&#xD;
          )&#xD;
        }&#xD;
      )&#xD;
    },&#xD;
    buttons: #&quot;SYSTEM_SYSRULES_ButtonLayout&quot;(&#xD;
      primaryButtons: {&#xD;
        #&quot;SYSTEM_SYSRULES_ButtonWidget&quot;(&#xD;
          label: &quot;Submit&quot;,&#xD;
          style: &quot;PRIMARY&quot;,&#xD;
          validate: true,&#xD;
          submit: true,&#xD;
          saveInto: {&#xD;
            ri!newName &lt;&lt; #&quot;_a-0000d94b-6e9d-8000-927a-010000010000_440&quot;(local!newName, _)&#xD;
          }&#xD;
        ),&#xD;
      },&#xD;
      secondaryButtons: {&#xD;
        #&quot;_a-0000d94c-e571-8000-927a-010000010000_625&quot;(ri!action, &quot;system&quot;)&#xD;
      }&#xD;
    )&#xD;
  )&#xD;
)&#xD;
</definition>
        <namedTypedValue>
            <name>pickedRule</name>
            <type>
                <name>string</name>
                <namespace>http://www.w3.org/2001/XMLSchema</namespace>
            </type>
            <value/>
        </namedTypedValue>
        <namedTypedValue>
            <name>newName</name>
            <type>
                <name>string</name>
                <namespace>http://www.w3.org/2001/XMLSchema</namespace>
            </type>
            <value/>
        </namedTypedValue>
        <namedTypedValue>
            <name>action</name>
            <type>
                <name>Variant</name>
                <namespace>http://www.appian.com/ae/types/2009</namespace>
            </type>
        </namedTypedValue>
        <namedTypedValue>
            <name>folder</name>
            <type>
                <name>CollaborationFolder</name>
                <namespace>http://www.appian.com/ae/types/2009</namespace>
            </type>
        </namedTypedValue>
        <preferredEditor>interface</preferredEditor>
    </rule>
    <roleMap public="true">
        <role allowForAll="false" inherit="true" name="readers">
            <users/>
            <groups/>
        </role>
        <role allowForAll="false" inherit="true" name="authors">
            <users/>
            <groups/>
        </role>
        <role allowForAll="false" inherit="true" name="administrators">
            <users>
                <userUuid>mchirlin</userUuid>
            </users>
            <groups/>
        </role>
        <role allowForAll="false" inherit="false" name="denyReaders">
            <users/>
            <groups/>
        </role>
        <role allowForAll="false" inherit="false" name="denyAuthors">
            <users/>
            <groups/>
        </role>
        <role allowForAll="false" inherit="false" name="denyAdministrators">
            <users/>
            <groups/>
        </role>
    </roleMap>
</contentHaul>
