<?xml version="1.0" encoding="UTF-8" standalone="yes"?>
<contentHaul xmlns:a="http://www.appian.com/ae/types/2009">
    <rule>
        <name>UTIL_contentDetailsForm</name>
        <uuid>07b2d6a4-518f-4231-b4f5-c2c38715e63b</uuid>
        <description></description>
        <parentUuid>_a-0000d94b-6e9d-8000-927a-010000010000_446</parentUuid>
        <visibility>
            <advertise>false</advertise>
            <hierarchy>true</hierarchy>
            <indexable>true</indexable>
            <quota>false</quota>
            <searchable>true</searchable>
            <system>false</system>
            <unlogged>false</unlogged>
        </visibility>
        <definition>load(&#xD;
  local!id,&#xD;
  local!uuid,&#xD;
  #&quot;SYSTEM_SYSRULES_formLayout&quot;(&#xD;
    label: &quot;Content Details&quot;,&#xD;
    instructions: &quot;Enter either a Content ID or UUID&quot;,&#xD;
    firstColumnContents: {&#xD;
      #&quot;SYSTEM_SYSRULES_integerField&quot;(&#xD;
        label: &quot;Content ID&quot;,&#xD;
        value: local!id,&#xD;
        saveInto: {&#xD;
          local!id,&#xD;
          local!uuid &lt;&lt; #&quot;_a-0000d94b-6e9d-8000-927a-010000010000_440&quot;(null, _)&#xD;
        }&#xD;
      ),&#xD;
      #&quot;SYSTEM_SYSRULES_textField&quot;(&#xD;
        label: &quot;Content UUID&quot;,&#xD;
        value: local!uuid,&#xD;
        saveInto: {&#xD;
          local!uuid,&#xD;
          local!id &lt;&lt; #&quot;_a-0000d94b-6e9d-8000-927a-010000010000_440&quot;(null, _)&#xD;
        }&#xD;
      ),&#xD;
      #&quot;SYSTEM_SYSRULES_paragraphField&quot;(&#xD;
        label: &quot;Content Details&quot;,&#xD;
        value: if(&#xD;
          not(isnull(local!id)),&#xD;
          getContentObjectDetailsByID(local!id),&#xD;
          if(&#xD;
            not(isnull(local!uuid)),&#xD;
            getContentDetailsByUUID(local!uuid),&#xD;
            null&#xD;
          )&#xD;
        ),&#xD;
        readOnly: true&#xD;
      )&#xD;
    },&#xD;
    buttons: #&quot;SYSTEM_SYSRULES_ButtonLayout&quot;(&#xD;
      secondaryButtons: {&#xD;
        #&quot;_a-0000d94c-e571-8000-927a-010000010000_625&quot;(ri!action, &quot;content&quot;)&#xD;
      }&#xD;
    )&#xD;
  )&#xD;
)</definition>
        <namedTypedValue>
            <name>action</name>
            <type>
                <name>Save</name>
                <namespace>http://www.appian.com/ae/types/2009</namespace>
            </type>
            <value/>
        </namedTypedValue>
        <preferredEditor>interface</preferredEditor>
    </rule>
    <roleMap public="true">
        <role allowForAll="false" inherit="true" name="readers">
            <users/>
            <groups/>
        </role>
        <role allowForAll="false" inherit="true" name="authors">
            <users/>
            <groups/>
        </role>
        <role allowForAll="false" inherit="true" name="administrators">
            <users>
                <userUuid>Administrator</userUuid>
            </users>
            <groups/>
        </role>
        <role allowForAll="false" inherit="false" name="denyReaders">
            <users/>
            <groups/>
        </role>
        <role allowForAll="false" inherit="false" name="denyAuthors">
            <users/>
            <groups/>
        </role>
        <role allowForAll="false" inherit="false" name="denyAdministrators">
            <users/>
            <groups/>
        </role>
    </roleMap>
</contentHaul>
