<?xml version="1.0" encoding="UTF-8" standalone="yes"?>
<contentHaul xmlns:a="http://www.appian.com/ae/types/2009">
    <rule>
        <name>UTIL_processModelBrowserForm</name>
        <uuid>23090485-9b2b-4e10-9a0f-6373eb0237e5</uuid>
        <description></description>
        <parentUuid>_a-0000d94b-6e9d-8000-927a-010000010000_446</parentUuid>
        <visibility>
            <advertise>false</advertise>
            <hierarchy>true</hierarchy>
            <indexable>true</indexable>
            <quota>false</quota>
            <searchable>true</searchable>
            <system>false</system>
            <unlogged>false</unlogged>
        </visibility>
        <definition>= load(&#xD;
  local!folderId: ri!folderId,&#xD;
  local!parentFolderId: ri!folderId,&#xD;
  local!selectedRows,&#xD;
  local!pagingInfo: #&quot;SYSTEM_SYSRULES_pagingInfo&quot;(&#xD;
    startIndex: 1,&#xD;
    batchSize: 15&#xD;
  ),&#xD;
  local!gridSelection: #&quot;SYSTEM_SYSRULES_gridSelection&quot;(&#xD;
    pagingInfo: local!pagingInfo&#xD;
  ),&#xD;
  with(&#xD;
    local!processModels: if(&#xD;
      local!folderId = -1,&#xD;
      {},&#xD;
      getProcessModelsByFolder(&#xD;
        local!folderId,&#xD;
        #&quot;SYSTEM_SYSRULES_pagingInfo&quot;(&#xD;
          startIndex: 0,&#xD;
          batchSize: -1&#xD;
        )&#xD;
      )&#xD;
    ),&#xD;
    local!folders: if(&#xD;
      local!folderId = -1,&#xD;
      getTopLevelProcessModelFolders(),&#xD;
      getProcessModelFoldersByFolder(&#xD;
        local!folderId,&#xD;
        #&quot;SYSTEM_SYSRULES_pagingInfo&quot;(&#xD;
          startIndex: 0,&#xD;
          batchSize: -1&#xD;
        )&#xD;
      )&#xD;
    ),&#xD;
    local!pmsAndFolders: if(&#xD;
      and(&#xD;
        length(local!folders) &gt; 0,&#xD;
        length(local!processModels) &gt; 0&#xD;
      ),&#xD;
      append(&#xD;
        local!folders,&#xD;
        local!processModels&#xD;
      ),&#xD;
      if(&#xD;
        length(local!folders) &gt; 0,&#xD;
        local!folders,&#xD;
        local!processModels&#xD;
      )&#xD;
    ),&#xD;
    local!totalCount: tointeger(&#xD;
      max(&#xD;
        length(&#xD;
          local!pmsAndFolders&#xD;
        ),&#xD;
        1&#xD;
      )&#xD;
    ),&#xD;
    local!dataSubset: todatasubset(&#xD;
      arrayToPage: local!pmsAndFolders,&#xD;
      pagingConfiguration: local!gridSelection.pagingInfo&#xD;
    ),&#xD;
    #&quot;SYSTEM_SYSRULES_formLayout&quot;(&#xD;
      label:&quot;Process Model Browser&quot;,&#xD;
      firstColumnContents: {&#xD;
        /*a!textField(value:tostring(apply(rule!UTIL_getIdentifiers, local!dataSubset.data))),*/&#xD;
        if(&#xD;
          local!folderId &lt;&gt; local!parentFolderId,&#xD;
          #&quot;SYSTEM_SYSRULES_linkField&quot;(&#xD;
            links: {&#xD;
              #&quot;SYSTEM_SYSRULES_dynamicLink&quot;(&#xD;
                label: &quot;^ Up one level&quot;,&#xD;
                value: local!parentFolderId,&#xD;
                saveInto: {&#xD;
                  local!folderId,&#xD;
                  local!gridSelection.selected &lt;&lt; #&quot;_a-0000d94b-6e9d-8000-927a-010000010000_440&quot;(null, _),&#xD;
                  local!selectedRows &lt;&lt; #&quot;_a-0000d94b-6e9d-8000-927a-010000010000_440&quot;(null, _)&#xD;
                }&#xD;
              )&#xD;
            },&#xD;
            labelPosition: &quot;COLLAPSED&quot;&#xD;
          ),&#xD;
          {}&#xD;
        ),&#xD;
        #&quot;SYSTEM_SYSRULES_gridField&quot;(&#xD;
          value: local!gridSelection,&#xD;
          identifiers: if(&#xD;
            local!dataSubset.totalCount &gt; 0,&#xD;
            tointeger(apply(#&quot;_a-0000d94c-726a-8000-927a-010000010000_520&quot;, local!dataSubset.data)),&#xD;
            {}&#xD;
          ),&#xD;
          selection: true,&#xD;
          totalCount: local!totalCount,&#xD;
          saveInto: {&#xD;
            local!gridSelection,&#xD;
            local!selectedRows &lt;&lt; index(_, &quot;selected&quot;, null)&#xD;
          },&#xD;
          validationGroup: &quot;settings&quot;,&#xD;
          validations: {&#xD;
            if(&#xD;
              not(isnull(local!selectedRows)),&#xD;
              if(&#xD;
                length(local!selectedRows) &gt; 0,&#xD;
                null,&#xD;
                &quot;One row must be selected&quot;&#xD;
              ),&#xD;
              &quot;One row must be selected&quot;&#xD;
            ),&#xD;
            if(&#xD;
              contains(tointeger(local!selectedRows), -1),&#xD;
              &quot;Folders cannot be selected&quot;,&#xD;
              null&#xD;
            )&#xD;
          },&#xD;
          columns: {&#xD;
            #&quot;SYSTEM_SYSRULES_gridTextColumn&quot;(&#xD;
              label: &quot;Contents&quot;,&#xD;
              field: &quot;label&quot;,&#xD;
              data: if(&#xD;
                local!dataSubset.totalCount &gt; 0,&#xD;
                apply(&#xD;
                  #&quot;_a-0000d94c-726a-8000-927a-010000010000_526&quot;,&#xD;
                  local!dataSubset.data&#xD;
                ),&#xD;
                {}&#xD;
              ),&#xD;
              links: apply(&#xD;
                #&quot;_a-0000d94c-726a-8000-927a-010000010000_507&quot;(&#xD;
                  pmOrFolder: _,&#xD;
                  folderId: local!folderId,&#xD;
                  processModelIds: ri!processModelIds,&#xD;
                  gridSelection: local!gridSelection.selected,&#xD;
                  selectedRows: local!selectedRows,&#xD;
                  parentFolderId: local!folderId,&#xD;
                  action: ri!action&#xD;
                ),&#xD;
                local!dataSubset.data&#xD;
              )&#xD;
            ),&#xD;
            #&quot;SYSTEM_SYSRULES_gridTextColumn&quot;(&#xD;
              label: &quot;Description&quot;,&#xD;
              field: &quot;label&quot;,&#xD;
              data: if(&#xD;
                local!dataSubset.totalCount &gt; 0,&#xD;
                apply(&#xD;
                  #&quot;_a-0000d94c-acf6-8000-927a-010000010000_557&quot;,&#xD;
                  local!dataSubset.data&#xD;
                ),&#xD;
                {}&#xD;
              )&#xD;
            )&#xD;
          }&#xD;
        )&#xD;
      },&#xD;
      buttons: #&quot;SYSTEM_SYSRULES_ButtonLayout&quot;(&#xD;
        primaryButtons: {&#xD;
          #&quot;SYSTEM_SYSRULES_ButtonWidget&quot;(&#xD;
            label: &quot;View Process Model(s) Settings&quot;,&#xD;
            style: &quot;PRIMARY&quot;,&#xD;
            validate: true,&#xD;
            validationGroup: &quot;settings&quot;,&#xD;
            value: &quot;process-settings&quot;,&#xD;
            submit: false,&#xD;
            saveInto: {&#xD;
              ri!processModelIds &lt;&lt; #&quot;_a-0000d94b-6e9d-8000-927a-010000010000_440&quot;(local!selectedRows, _),&#xD;
              ri!action&#xD;
            }&#xD;
          )&#xD;
        },&#xD;
        secondaryButtons: {&#xD;
          #&quot;_a-0000d94c-e571-8000-927a-010000010000_625&quot;(ri!action, &quot;process&quot;)&#xD;
        }&#xD;
      )&#xD;
    )&#xD;
  )&#xD;
)&#xD;
</definition>
        <namedTypedValue>
            <name>folderId</name>
            <type>
                <name>int</name>
                <namespace>http://www.w3.org/2001/XMLSchema</namespace>
            </type>
        </namedTypedValue>
        <namedTypedValue>
            <name>action</name>
            <type>
                <name>string</name>
                <namespace>http://www.w3.org/2001/XMLSchema</namespace>
            </type>
            <value/>
        </namedTypedValue>
        <namedTypedValue>
            <name>processModelIds</name>
            <type>
                <name>Integer?list</name>
                <namespace>http://www.appian.com/ae/types/2009</namespace>
            </type>
        </namedTypedValue>
        <preferredEditor>interface</preferredEditor>
    </rule>
    <roleMap public="true">
        <role allowForAll="false" inherit="true" name="readers">
            <users/>
            <groups/>
        </role>
        <role allowForAll="false" inherit="true" name="authors">
            <users/>
            <groups/>
        </role>
        <role allowForAll="false" inherit="true" name="administrators">
            <users>
                <userUuid>Administrator</userUuid>
            </users>
            <groups/>
        </role>
        <role allowForAll="false" inherit="false" name="denyReaders">
            <users/>
            <groups/>
        </role>
        <role allowForAll="false" inherit="false" name="denyAuthors">
            <users/>
            <groups/>
        </role>
        <role allowForAll="false" inherit="false" name="denyAdministrators">
            <users/>
            <groups/>
        </role>
    </roleMap>
</contentHaul>
