<?xml version="1.0" encoding="UTF-8" standalone="yes"?>
<contentHaul xmlns:a="http://www.appian.com/ae/types/2009">
    <rule>
        <name>UTIL_processModelSettingsUpdateForm</name>
        <uuid>5deeaea4-8cba-4c0c-a111-0c83de7ca6af</uuid>
        <description></description>
        <parentUuid>_a-0000d94b-6e9d-8000-927a-010000010000_446</parentUuid>
        <visibility>
            <advertise>false</advertise>
            <hierarchy>true</hierarchy>
            <indexable>true</indexable>
            <quota>false</quota>
            <searchable>true</searchable>
            <system>false</system>
            <unlogged>false</unlogged>
        </visibility>
        <definition>=load(&#xD;
  local!pickedRule,&#xD;
  local!newName,&#xD;
  local!pagingInfo: #&quot;SYSTEM_SYSRULES_pagingInfo&quot;(startIndex: 1, batchSize: -1),&#xD;
  with(&#xD;
    local!datasubset: todatasubset(getProcessModelSettings(ri!processModelIds)),&#xD;
    #&quot;SYSTEM_SYSRULES_formLayout&quot;(&#xD;
      label: &quot;Process Model Settings&quot;,&#xD;
      instructions: &quot;Select a rule to rename&quot;,&#xD;
      firstColumnContents: {&#xD;
        #&quot;SYSTEM_SYSRULES_gridField&quot;(&#xD;
          label: &quot;Selected Process Models&quot;,&#xD;
          columns: {&#xD;
            #&quot;SYSTEM_SYSRULES_gridTextColumn&quot;(&#xD;
              label: &quot;Name&quot;,&#xD;
              field: &quot;name&quot;,&#xD;
              data: local!datasubset.data.name&#xD;
            ),&#xD;
            #&quot;SYSTEM_SYSRULES_gridTextColumn&quot;(&#xD;
              label: &quot;Folder&quot;,&#xD;
              field: &quot;folderStructure&quot;,&#xD;
              data: local!datasubset.data.folderStructure&#xD;
            ),&#xD;
            #&quot;SYSTEM_SYSRULES_gridTextColumn&quot;(&#xD;
              label: &quot;ID&quot;,&#xD;
              field: &quot;id&quot;,&#xD;
              data: local!datasubset.data.id&#xD;
            ),&#xD;
            #&quot;SYSTEM_SYSRULES_gridTextColumn&quot;(&#xD;
              label: &quot;UUID&quot;,&#xD;
              field: &quot;uuid&quot;,&#xD;
              data: local!datasubset.data.uuid&#xD;
            ),&#xD;
            #&quot;SYSTEM_SYSRULES_gridTextColumn&quot;(&#xD;
              label: &quot;Security Settings&quot;,&#xD;
              field: &quot;administratorUsersAndGroups&quot;,&#xD;
              data: apply(&#xD;
                #&quot;_a-0000d94c-726a-8000-927a-010000010000_491&quot;,&#xD;
                local!datasubset.data&#xD;
              )&#xD;
            ),&#xD;
            #&quot;SYSTEM_SYSRULES_gridTextColumn&quot;(&#xD;
              label: &quot;Cleanup Settings&quot;,&#xD;
              field: &quot;cleanupType&quot;,&#xD;
              data: apply(&#xD;
                #&quot;_a-0000d94c-726a-8000-927a-010000010000_492&quot;,&#xD;
                local!datasubset.data&#xD;
              )&#xD;
            ),&#xD;
            #&quot;SYSTEM_SYSRULES_gridTextColumn&quot;(&#xD;
              label: &quot;Alerts&quot;,&#xD;
              field: &quot;alerts&quot;,&#xD;
              data: apply(&#xD;
                #&quot;_a-0000d94c-726a-8000-927a-010000010000_494&quot;,&#xD;
                local!datasubset.data&#xD;
              )&#xD;
            )&#xD;
          },&#xD;
          value: local!pagingInfo,&#xD;
          totalCount: local!datasubset.totalCount&#xD;
        ),&#xD;
        #&quot;SYSTEM_SYSRULES_sectionLayout&quot;(&#xD;
          label:&quot;Security Settings&quot;,&#xD;
          firstColumnContents: {&#xD;
            #&quot;SYSTEM_SYSRULES_checkboxField&quot;(&#xD;
              label: &quot;Update Security Settings&quot;,&#xD;
              instructions: &quot;Check to update the security settings of the above models&quot;,&#xD;
              choiceLabels: {&quot;&quot;},&#xD;
              choiceValues: {true},&#xD;
              value: ri!updateSecurity,&#xD;
              saveInto: ri!updateSecurity&#xD;
            )&#xD;
          },&#xD;
          secondColumnContents: {&#xD;
            if(&#xD;
              ri!updateSecurity,&#xD;
              {&#xD;
                #&quot;SYSTEM_SYSRULES_pickerFieldUsersAndGroups&quot;(&#xD;
                  label: &quot;Administrators&quot;,&#xD;
                  value: ri!securityAdmin,&#xD;
                  saveInto: ri!securityAdmin&#xD;
                ),&#xD;
                #&quot;SYSTEM_SYSRULES_pickerFieldUsersAndGroups&quot;(&#xD;
                  label: &quot;Editors&quot;,&#xD;
                  value: ri!securityEditor,&#xD;
                  saveInto: ri!securityEditor&#xD;
                ),&#xD;
                #&quot;SYSTEM_SYSRULES_pickerFieldUsersAndGroups&quot;(&#xD;
                  label: &quot;Managers&quot;,&#xD;
                  value: ri!securityManager,&#xD;
                  saveInto: ri!securityManager&#xD;
                ),&#xD;
                #&quot;SYSTEM_SYSRULES_pickerFieldUsersAndGroups&quot;(&#xD;
                  label: &quot;Viewers&quot;,&#xD;
                  value: ri!securityViewer,&#xD;
                  saveInto: ri!securityViewer&#xD;
                ),&#xD;
                #&quot;SYSTEM_SYSRULES_pickerFieldUsersAndGroups&quot;(&#xD;
                  label: &quot;Initiators&quot;,&#xD;
                  value: ri!securityInitiator,&#xD;
                  saveInto: ri!securityInitiator&#xD;
                ),&#xD;
                #&quot;SYSTEM_SYSRULES_pickerFieldUsersAndGroups&quot;(&#xD;
                  label: &quot;Denied&quot;,&#xD;
                  value: ri!securityDeny,&#xD;
                  saveInto: ri!securityDeny&#xD;
                )&#xD;
              },&#xD;
              {}&#xD;
            )&#xD;
          }&#xD;
        ),&#xD;
        #&quot;SYSTEM_SYSRULES_sectionLayout&quot;(&#xD;
          label:&quot;Cleanup Settings&quot;,&#xD;
          firstColumnContents: {&#xD;
            #&quot;SYSTEM_SYSRULES_checkboxField&quot;(&#xD;
              label: &quot;Update Cleanup Settings&quot;,&#xD;
              instructions: &quot;Check to update the cleanup settings of the above models&quot;,&#xD;
              choiceLabels: {&quot;&quot;},&#xD;
              choiceValues: {true},&#xD;
              value: ri!updateCleanup,&#xD;
              saveInto: ri!updateCleanup&#xD;
            )&#xD;
          },&#xD;
          secondColumnContents: {&#xD;
            if(&#xD;
              ri!updateCleanup,&#xD;
              {&#xD;
                #&quot;SYSTEM_SYSRULES_dropdownField&quot;(&#xD;
                  label: &quot;Cleanup Type&quot;,&#xD;
                  choiceLabels: #&quot;_a-0000d94c-726a-8000-927a-010000010000_469&quot;,&#xD;
                  choiceValues: #&quot;_a-0000d94c-726a-8000-927a-010000010000_470&quot;,&#xD;
                  value: ri!cleanupType,&#xD;
                  saveInto: ri!cleanupType&#xD;
                ),&#xD;
                #&quot;SYSTEM_SYSRULES_integerField&quot;(&#xD;
                  label: &quot;Cleanup Delay&quot;,&#xD;
                  value: ri!cleanupDelay,&#xD;
                  saveInto: ri!cleanupDelay&#xD;
                )&#xD;
              },&#xD;
              {}&#xD;
            )&#xD;
          }&#xD;
        ),&#xD;
        #&quot;SYSTEM_SYSRULES_sectionLayout&quot;(&#xD;
          label:&quot;Alert Settings&quot;,&#xD;
          firstColumnContents: {&#xD;
            #&quot;SYSTEM_SYSRULES_checkboxField&quot;(&#xD;
              label: &quot;Update Alert Settings&quot;,&#xD;
              instructions: &quot;Check to update the alert settings of the above models&quot;,&#xD;
              choiceLabels: {&quot;&quot;},&#xD;
              choiceValues: {true},&#xD;
              value: ri!updateAlerts,&#xD;
              saveInto: ri!updateAlerts&#xD;
            )&#xD;
          },&#xD;
          secondColumnContents: {&#xD;
            if(&#xD;
              ri!updateAlerts,&#xD;
              {&#xD;
                #&quot;SYSTEM_SYSRULES_radioButtonField&quot;(&#xD;
                  label: &quot;Alert Recipients&quot;,&#xD;
                  choiceLabels: {&#xD;
                    &quot;Use system defaults for error alerts&quot;,&#xD;
                    &quot;Use custom error alert setting&quot;&#xD;
                  },&#xD;
                  choiceValues: {&#xD;
                    false,&#xD;
                    true&#xD;
                  },&#xD;
                  required: ri!updateAlerts,&#xD;
                  value: ri!isCustomSetting,&#xD;
                  saveInto: ri!isCustomSetting&#xD;
                ),&#xD;
                if(&#xD;
                  ri!isCustomSetting,&#xD;
                  {&#xD;
                    #&quot;SYSTEM_SYSRULES_checkboxField&quot;(&#xD;
                      label: &quot;Notify Initiator&quot;,&#xD;
                      choiceLabels: {&quot;&quot;},&#xD;
                      choiceValues: {true},&#xD;
                      value: ri!isNotifyInitiator,&#xD;
                      saveInto: ri!isNotifyInitiator&#xD;
                    ),&#xD;
                    #&quot;SYSTEM_SYSRULES_checkboxField&quot;(&#xD;
                      label: &quot;Notify Owner&quot;,&#xD;
                      choiceLabels: {&quot;&quot;},&#xD;
                      choiceValues: {true},&#xD;
                      value: ri!isNotifyOwner,&#xD;
                      saveInto: ri!isNotifyOwner&#xD;
                    ),&#xD;
                    #&quot;SYSTEM_SYSRULES_checkboxField&quot;(&#xD;
                      label: &quot;Notify Recipients in Expression&quot;,&#xD;
                      choiceLabels: {&quot;&quot;},&#xD;
                      choiceValues: {true},&#xD;
                      value: ri!isNotifyRecipientsInExpression,&#xD;
                      saveInto: ri!isNotifyRecipientsInExpression&#xD;
                    ),&#xD;
                    if(&#xD;
                      ri!isNotifyRecipientsInExpression,&#xD;
                      #&quot;SYSTEM_SYSRULES_textField&quot;(&#xD;
                        label: &quot;Expression&quot;,&#xD;
                        required: true,&#xD;
                        value: ri!notifyRecipientsInExpression,&#xD;
                        saveInto: ri!notifyRecipientsInExpression&#xD;
                      ),&#xD;
                      {}&#xD;
                    ),&#xD;
                    #&quot;SYSTEM_SYSRULES_checkboxField&quot;(&#xD;
                      label: &quot;Notify Users and Groups&quot;,&#xD;
                      choiceLabels: {&quot;&quot;},&#xD;
                      choiceValues: {true},&#xD;
                      value: ri!isNotifyUsersAndGroups,&#xD;
                      saveInto: ri!isNotifyUsersAndGroups&#xD;
                    ),&#xD;
                    if(&#xD;
                      ri!isNotifyUsersAndGroups,&#xD;
                      #&quot;SYSTEM_SYSRULES_pickerFieldUsersAndGroups&quot;(&#xD;
                        label: &quot;Users and Groups&quot;,&#xD;
                        required: true,&#xD;
                        value: ri!notifyUsersAndGroups,&#xD;
                        saveInto: ri!notifyUsersAndGroups&#xD;
                      ),&#xD;
                      {}&#xD;
                    ),&#xD;
                  },&#xD;
                  {}&#xD;
                )&#xD;
              },&#xD;
              {}&#xD;
            )&#xD;
          }&#xD;
        ),&#xD;
      },&#xD;
      buttons: #&quot;SYSTEM_SYSRULES_ButtonLayout&quot;(&#xD;
        primaryButtons: {&#xD;
          #&quot;SYSTEM_SYSRULES_ButtonWidget&quot;(&#xD;
            label: &quot;Update Settings&quot;,&#xD;
            style: &quot;PRIMARY&quot;,&#xD;
            value: &quot;update&quot;,&#xD;
            validate: true,&#xD;
            submit: true,&#xD;
            confirmMessage: &quot;This will republish all of the above process models. Do you wish to continue?&quot;,&#xD;
            saveInto: {&#xD;
              ri!updateSecurity &lt;&lt; #&quot;_a-0000d94b-6e9d-8000-927a-010000010000_440&quot;(&#xD;
                #&quot;_a-0000d94c-acf6-8000-927a-010000010000_536&quot;(ri!updateSecurity),&#xD;
                _&#xD;
              ),&#xD;
              ri!updateCleanup &lt;&lt; #&quot;_a-0000d94b-6e9d-8000-927a-010000010000_440&quot;(&#xD;
                #&quot;_a-0000d94c-acf6-8000-927a-010000010000_536&quot;(ri!updateCleanup),&#xD;
                _&#xD;
              ),&#xD;
              ri!updateAlerts &lt;&lt; #&quot;_a-0000d94b-6e9d-8000-927a-010000010000_440&quot;(&#xD;
                #&quot;_a-0000d94c-acf6-8000-927a-010000010000_536&quot;(ri!updateAlerts),&#xD;
                _&#xD;
              ),&#xD;
              ri!isNotifyInitiator &lt;&lt; #&quot;_a-0000d94b-6e9d-8000-927a-010000010000_440&quot;(&#xD;
                #&quot;_a-0000d94c-acf6-8000-927a-010000010000_536&quot;(ri!isNotifyInitiator),&#xD;
                _&#xD;
              ),&#xD;
              ri!isNotifyOwner &lt;&lt; #&quot;_a-0000d94b-6e9d-8000-927a-010000010000_440&quot;(&#xD;
                #&quot;_a-0000d94c-acf6-8000-927a-010000010000_536&quot;(ri!isNotifyOwner),&#xD;
                _&#xD;
              ),&#xD;
              ri!isNotifyRecipientsInExpression &lt;&lt; #&quot;_a-0000d94b-6e9d-8000-927a-010000010000_440&quot;(&#xD;
                #&quot;_a-0000d94c-acf6-8000-927a-010000010000_536&quot;(ri!isNotifyRecipientsInExpression),&#xD;
                _&#xD;
              ),&#xD;
              ri!isNotifyUsersAndGroups &lt;&lt; #&quot;_a-0000d94b-6e9d-8000-927a-010000010000_440&quot;(&#xD;
                #&quot;_a-0000d94c-acf6-8000-927a-010000010000_536&quot;(ri!isNotifyUsersAndGroups),&#xD;
                _&#xD;
              )&#xD;
            }&#xD;
          )&#xD;
        },&#xD;
        secondaryButtons: {&#xD;
          #&quot;SYSTEM_SYSRULES_ButtonWidget&quot;(&#xD;
            label: &quot;Cancel&quot;,&#xD;
            validate: false,&#xD;
            submit: true,&#xD;
            value: &quot;cancel&quot;,&#xD;
            saveInto: {&#xD;
              ri!updateSecurity &lt;&lt; #&quot;_a-0000d94b-6e9d-8000-927a-010000010000_440&quot;(false, _),&#xD;
              ri!updateCleanup &lt;&lt; #&quot;_a-0000d94b-6e9d-8000-927a-010000010000_440&quot;(false, _),&#xD;
              ri!updateAlerts &lt;&lt; #&quot;_a-0000d94b-6e9d-8000-927a-010000010000_440&quot;(false, _)&#xD;
            }&#xD;
          )&#xD;
        }&#xD;
      )&#xD;
    )&#xD;
  )&#xD;
)</definition>
        <namedTypedValue>
            <name>processModelIds</name>
            <type>
                <name>Integer?list</name>
                <namespace>http://www.appian.com/ae/types/2009</namespace>
            </type>
        </namedTypedValue>
        <namedTypedValue>
            <name>updateSecurity</name>
            <type>
                <name>boolean</name>
                <namespace>http://www.w3.org/2001/XMLSchema</namespace>
            </type>
        </namedTypedValue>
        <namedTypedValue>
            <name>updateCleanup</name>
            <type>
                <name>boolean</name>
                <namespace>http://www.w3.org/2001/XMLSchema</namespace>
            </type>
        </namedTypedValue>
        <namedTypedValue>
            <name>updateAlerts</name>
            <type>
                <name>boolean</name>
                <namespace>http://www.w3.org/2001/XMLSchema</namespace>
            </type>
        </namedTypedValue>
        <namedTypedValue>
            <name>securityAdmin</name>
            <type>
                <name>UserOrGroup?list</name>
                <namespace>http://www.appian.com/ae/types/2009</namespace>
            </type>
        </namedTypedValue>
        <namedTypedValue>
            <name>securityDeny</name>
            <type>
                <name>UserOrGroup?list</name>
                <namespace>http://www.appian.com/ae/types/2009</namespace>
            </type>
        </namedTypedValue>
        <namedTypedValue>
            <name>securityEditor</name>
            <type>
                <name>UserOrGroup?list</name>
                <namespace>http://www.appian.com/ae/types/2009</namespace>
            </type>
        </namedTypedValue>
        <namedTypedValue>
            <name>securityInitiator</name>
            <type>
                <name>UserOrGroup?list</name>
                <namespace>http://www.appian.com/ae/types/2009</namespace>
            </type>
        </namedTypedValue>
        <namedTypedValue>
            <name>securityManager</name>
            <type>
                <name>UserOrGroup?list</name>
                <namespace>http://www.appian.com/ae/types/2009</namespace>
            </type>
        </namedTypedValue>
        <namedTypedValue>
            <name>securityViewer</name>
            <type>
                <name>UserOrGroup?list</name>
                <namespace>http://www.appian.com/ae/types/2009</namespace>
            </type>
        </namedTypedValue>
        <namedTypedValue>
            <name>cleanupType</name>
            <type>
                <name>int</name>
                <namespace>http://www.w3.org/2001/XMLSchema</namespace>
            </type>
        </namedTypedValue>
        <namedTypedValue>
            <name>cleanupDelay</name>
            <type>
                <name>int</name>
                <namespace>http://www.w3.org/2001/XMLSchema</namespace>
            </type>
        </namedTypedValue>
        <namedTypedValue>
            <name>isCustomSetting</name>
            <type>
                <name>boolean</name>
                <namespace>http://www.w3.org/2001/XMLSchema</namespace>
            </type>
        </namedTypedValue>
        <namedTypedValue>
            <name>isNotifyInitiator</name>
            <type>
                <name>boolean</name>
                <namespace>http://www.w3.org/2001/XMLSchema</namespace>
            </type>
        </namedTypedValue>
        <namedTypedValue>
            <name>isNotifyOwner</name>
            <type>
                <name>boolean</name>
                <namespace>http://www.w3.org/2001/XMLSchema</namespace>
            </type>
        </namedTypedValue>
        <namedTypedValue>
            <name>isNotifyRecipientsInExpression</name>
            <type>
                <name>boolean</name>
                <namespace>http://www.w3.org/2001/XMLSchema</namespace>
            </type>
        </namedTypedValue>
        <namedTypedValue>
            <name>isNotifyUsersAndGroups</name>
            <type>
                <name>boolean</name>
                <namespace>http://www.w3.org/2001/XMLSchema</namespace>
            </type>
        </namedTypedValue>
        <namedTypedValue>
            <name>notifyRecipientsInExpression</name>
            <type>
                <name>string</name>
                <namespace>http://www.w3.org/2001/XMLSchema</namespace>
            </type>
            <value/>
        </namedTypedValue>
        <namedTypedValue>
            <name>notifyUsersAndGroups</name>
            <type>
                <name>UserOrGroup?list</name>
                <namespace>http://www.appian.com/ae/types/2009</namespace>
            </type>
        </namedTypedValue>
        <preferredEditor>interface</preferredEditor>
    </rule>
    <roleMap public="true">
        <role allowForAll="false" inherit="true" name="readers">
            <users/>
            <groups/>
        </role>
        <role allowForAll="false" inherit="true" name="authors">
            <users/>
            <groups/>
        </role>
        <role allowForAll="false" inherit="true" name="administrators">
            <users>
                <userUuid>Administrator</userUuid>
            </users>
            <groups/>
        </role>
        <role allowForAll="false" inherit="false" name="denyReaders">
            <users/>
            <groups/>
        </role>
        <role allowForAll="false" inherit="false" name="denyAuthors">
            <users/>
            <groups/>
        </role>
        <role allowForAll="false" inherit="false" name="denyAdministrators">
            <users/>
            <groups/>
        </role>
    </roleMap>
</contentHaul>
