<?xml version="1.0" encoding="UTF-8" standalone="yes"?>
<contentHaul xmlns:a="http://www.appian.com/ae/types/2009">
    <rule>
        <name>UTIL_logFilesForm</name>
        <uuid>770cffec-37df-47c3-8ed1-65cfaec6fca0</uuid>
        <description></description>
        <parentUuid>_a-0000d94b-6e9d-8000-927a-010000010000_446</parentUuid>
        <visibility>
            <advertise>false</advertise>
            <hierarchy>true</hierarchy>
            <indexable>true</indexable>
            <quota>false</quota>
            <searchable>true</searchable>
            <system>false</system>
            <unlogged>false</unlogged>
        </visibility>
        <definition>=load(&#xD;
  local!pickedRule,&#xD;
  local!newName,&#xD;
  #&quot;SYSTEM_SYSRULES_formLayout&quot;(&#xD;
    label: &quot;Log Files&quot;,&#xD;
    firstColumnContents: {&#xD;
      if(&#xD;
        not(isnull(ri!docs)),&#xD;
        #&quot;SYSTEM_SYSRULES_linkField&quot;(&#xD;
          links:{&#xD;
            apply(&#xD;
              #&quot;_a-0000d94c-e571-8000-927a-010000010000_592&quot;,&#xD;
              ri!docs&#xD;
            )&#xD;
          },&#xD;
          labels:&quot;Log Files&quot;&#xD;
        ),&#xD;
        #&quot;SYSTEM_SYSRULES_textField&quot;(&#xD;
          value: &quot;No Documents&quot;,&#xD;
          readonly: true&#xD;
        )&#xD;
      )&#xD;
    },&#xD;
    buttons: #&quot;SYSTEM_SYSRULES_ButtonLayout&quot;(&#xD;
      primaryButtons: {&#xD;
        #&quot;SYSTEM_SYSRULES_ButtonWidget&quot;(&#xD;
          label: &quot;Back&quot;,&#xD;
          validate: false,&#xD;
          submit: false,&#xD;
          value: &quot;logs&quot;,&#xD;
          saveInto: ri!action&#xD;
        ),&#xD;
        #&quot;SYSTEM_SYSRULES_ButtonWidget&quot;(&#xD;
          label: &quot;Cancel&quot;,&#xD;
          validate: false,&#xD;
          submit: true,&#xD;
          value: &quot;cancel&quot;,&#xD;
          saveInto: ri!action&#xD;
        )&#xD;
      }&#xD;
    )&#xD;
  )&#xD;
)&#xD;
</definition>
        <namedTypedValue>
            <name>docs</name>
            <type>
                <name>CollaborationDocument?list</name>
                <namespace>http://www.appian.com/ae/types/2009</namespace>
            </type>
        </namedTypedValue>
        <namedTypedValue>
            <name>action</name>
            <type>
                <name>string</name>
                <namespace>http://www.w3.org/2001/XMLSchema</namespace>
            </type>
            <value/>
        </namedTypedValue>
        <preferredEditor>interface</preferredEditor>
    </rule>
    <roleMap public="true">
        <role allowForAll="false" inherit="true" name="readers">
            <users/>
            <groups/>
        </role>
        <role allowForAll="false" inherit="true" name="authors">
            <users/>
            <groups/>
        </role>
        <role allowForAll="false" inherit="true" name="administrators">
            <users>
                <userUuid>Administrator</userUuid>
            </users>
            <groups/>
        </role>
        <role allowForAll="false" inherit="false" name="denyReaders">
            <users/>
            <groups/>
        </role>
        <role allowForAll="false" inherit="false" name="denyAuthors">
            <users/>
            <groups/>
        </role>
        <role allowForAll="false" inherit="false" name="denyAdministrators">
            <users/>
            <groups/>
        </role>
    </roleMap>
</contentHaul>
