<?xml version="1.0" encoding="UTF-8" standalone="yes"?>
<contentHaul xmlns:a="http://www.appian.com/ae/types/2009">
    <rule>
        <name>UTIL_buildProcessModelBrowserLink</name>
        <uuid>_a-0000d94c-726a-8000-927a-010000010000_507</uuid>
        <description>Build link for process model browser</description>
        <parentUuid>_a-0000d94b-6e9d-8000-927a-010000010000_445</parentUuid>
        <visibility>
            <advertise>false</advertise>
            <hierarchy>true</hierarchy>
            <indexable>true</indexable>
            <quota>false</quota>
            <searchable>true</searchable>
            <system>false</system>
            <unlogged>false</unlogged>
        </visibility>
        <definition>=if(
  #&quot;_a-0000d94c-726a-8000-927a-010000010000_516&quot;(ri!pmOrFolder),
  #&quot;SYSTEM_SYSRULES_dynamicLink&quot;(
     value: index(ri!pmOrFolder, &quot;value&quot;, &quot;&quot;)[2], 
     saveInto: {
       ri!folderId,
       ri!gridSelection &lt;&lt; #&quot;_a-0000d94b-6e9d-8000-927a-010000010000_440&quot;(null, _),
       ri!selectedRows &lt;&lt; #&quot;_a-0000d94b-6e9d-8000-927a-010000010000_440&quot;(null, _),
       ri!parentFolderId &lt;&lt; #&quot;_a-0000d94b-6e9d-8000-927a-010000010000_440&quot;(ri!parentFolderId, _),
       ri!action &lt;&lt; #&quot;_a-0000d94b-6e9d-8000-927a-010000010000_440&quot;(&quot;process-browser&quot;, _)
    }
  ),
  #&quot;SYSTEM_SYSRULES_dynamicLink&quot;(
     value: index(ri!pmOrFolder, &quot;value&quot;, &quot;&quot;)[1], 
     saveInto: {
       ri!processModelIds,
       ri!gridSelection &lt;&lt; #&quot;_a-0000d94b-6e9d-8000-927a-010000010000_440&quot;(null, _),
       ri!selectedRows &lt;&lt; #&quot;_a-0000d94b-6e9d-8000-927a-010000010000_440&quot;(null, _),
       ri!folderId &lt;&lt; #&quot;_a-0000d94b-6e9d-8000-927a-010000010000_440&quot;(ri!parentFolderId, _),
       ri!action &lt;&lt; #&quot;_a-0000d94b-6e9d-8000-927a-010000010000_440&quot;(&quot;process-settings&quot;, _)
    }
  )
)</definition>
        <namedTypedValue>
            <name>pmOrFolder</name>
            <type>
                <name>Variant</name>
                <namespace>http://www.appian.com/ae/types/2009</namespace>
            </type>
        </namedTypedValue>
        <namedTypedValue>
            <name>folderId</name>
            <type>
                <name>Save</name>
                <namespace>http://www.appian.com/ae/types/2009</namespace>
            </type>
            <value/>
        </namedTypedValue>
        <namedTypedValue>
            <name>processModelIds</name>
            <type>
                <name>Save</name>
                <namespace>http://www.appian.com/ae/types/2009</namespace>
            </type>
            <value/>
        </namedTypedValue>
        <namedTypedValue>
            <name>gridSelection</name>
            <type>
                <name>Save</name>
                <namespace>http://www.appian.com/ae/types/2009</namespace>
            </type>
            <value/>
        </namedTypedValue>
        <namedTypedValue>
            <name>selectedRows</name>
            <type>
                <name>Save</name>
                <namespace>http://www.appian.com/ae/types/2009</namespace>
            </type>
            <value/>
        </namedTypedValue>
        <namedTypedValue>
            <name>parentFolderId</name>
            <type>
                <name>Save</name>
                <namespace>http://www.appian.com/ae/types/2009</namespace>
            </type>
            <value/>
        </namedTypedValue>
        <namedTypedValue>
            <name>action</name>
            <type>
                <name>Save</name>
                <namespace>http://www.appian.com/ae/types/2009</namespace>
            </type>
            <value/>
        </namedTypedValue>
        <preferredEditor>legacy</preferredEditor>
    </rule>
    <roleMap public="true">
        <role allowForAll="false" inherit="true" name="readers">
            <users/>
            <groups/>
        </role>
        <role allowForAll="false" inherit="true" name="authors">
            <users/>
            <groups/>
        </role>
        <role allowForAll="false" inherit="true" name="administrators">
            <users>
                <userUuid>Administrator</userUuid>
            </users>
            <groups/>
        </role>
        <role allowForAll="false" inherit="false" name="denyReaders">
            <users/>
            <groups/>
        </role>
        <role allowForAll="false" inherit="false" name="denyAuthors">
            <users/>
            <groups/>
        </role>
        <role allowForAll="false" inherit="false" name="denyAdministrators">
            <users/>
            <groups/>
        </role>
    </roleMap>
</contentHaul>
