<?xml version="1.0" encoding="UTF-8" standalone="yes"?>
<contentHaul xmlns:a="http://www.appian.com/ae/types/2009">
    <rule>
        <name>UTIL_systemUtilsForm</name>
        <uuid>c65d13c1-95f6-4e51-9c54-03da308ae74d</uuid>
        <description></description>
        <parentUuid>_a-0000d94b-6e9d-8000-927a-010000010000_446</parentUuid>
        <visibility>
            <advertise>false</advertise>
            <hierarchy>true</hierarchy>
            <indexable>true</indexable>
            <quota>false</quota>
            <searchable>true</searchable>
            <system>false</system>
            <unlogged>false</unlogged>
        </visibility>
        <definition>#&quot;SYSTEM_SYSRULES_formLayout&quot;(
  label: &quot;System Utilities&quot;,
  instructions: &quot;Select an option&quot;,
  firstColumnContents: {
    #&quot;SYSTEM_SYSRULES_linkField&quot;(
      links: {
        #&quot;SYSTEM_SYSRULES_dynamicLink&quot;(
          label: &quot;Content Utilities&quot;,
            value: &quot;content&quot;,
            saveInto: ri!action
          )
      }
    ),
    #&quot;SYSTEM_SYSRULES_linkField&quot;(
      links: {
        #&quot;SYSTEM_SYSRULES_dynamicLink&quot;(
          label: &quot;Rules Utilities&quot;,
            value: &quot;rules&quot;,
            saveInto: ri!action
          )
      }
    ),
    #&quot;SYSTEM_SYSRULES_linkField&quot;(
      links: {
        #&quot;SYSTEM_SYSRULES_dynamicLink&quot;(
          label: &quot;Process Model Utilities&quot;,
            value: &quot;process&quot;,
            saveInto: ri!action
          )
      }
    ),
    #&quot;SYSTEM_SYSRULES_linkField&quot;(
      links: {
        #&quot;SYSTEM_SYSRULES_dynamicLink&quot;(
          label: &quot;Logs&quot;,
            value: &quot;logs&quot;,
            saveInto: ri!action
          )
      }
    )
  },
  buttons: #&quot;SYSTEM_SYSRULES_ButtonLayout&quot;(
    secondaryButtons: {
      #&quot;SYSTEM_SYSRULES_ButtonWidget&quot;(
        label: &quot;Close&quot;,
        validate: false,
        submit: true,
        value: &quot;cancel&quot;,
        saveInto: ri!action
      )
    }
  )
)
</definition>
        <namedTypedValue>
            <name>action</name>
            <type>
                <name>string</name>
                <namespace>http://www.w3.org/2001/XMLSchema</namespace>
            </type>
            <value/>
        </namedTypedValue>
        <preferredEditor>interface</preferredEditor>
    </rule>
    <roleMap public="true">
        <role allowForAll="false" inherit="true" name="readers">
            <users/>
            <groups/>
        </role>
        <role allowForAll="false" inherit="true" name="authors">
            <users/>
            <groups/>
        </role>
        <role allowForAll="false" inherit="true" name="administrators">
            <users>
                <userUuid>Administrator</userUuid>
            </users>
            <groups/>
        </role>
        <role allowForAll="false" inherit="false" name="denyReaders">
            <users/>
            <groups/>
        </role>
        <role allowForAll="false" inherit="false" name="denyAuthors">
            <users/>
            <groups/>
        </role>
        <role allowForAll="false" inherit="false" name="denyAdministrators">
            <users/>
            <groups/>
        </role>
    </roleMap>
</contentHaul>
