<?xml version="1.0" encoding="UTF-8" standalone="yes"?>
<contentHaul xmlns:a="http://www.appian.com/ae/types/2009">
    <rule>
        <name>UTIL_contentUtilsForm</name>
        <uuid>c682333c-113b-49bf-bb82-2a30e953efb8</uuid>
        <description></description>
        <parentUuid>_a-0000d94b-6e9d-8000-927a-010000010000_446</parentUuid>
        <visibility>
            <advertise>false</advertise>
            <hierarchy>true</hierarchy>
            <indexable>true</indexable>
            <quota>false</quota>
            <searchable>true</searchable>
            <system>false</system>
            <unlogged>false</unlogged>
        </visibility>
        <definition>#&quot;SYSTEM_SYSRULES_formLayout&quot;(
  label: &quot;Content Utilities&quot;,
  instructions: &quot;Select an option&quot;,
  firstColumnContents: {
    #&quot;SYSTEM_SYSRULES_linkField&quot;(
      links: {
        #&quot;SYSTEM_SYSRULES_dynamicLink&quot;(
          label: &quot;Content Details&quot;,
            value: &quot;content-details&quot;,
            saveInto: ri!action
          )
      }
    )
  },
  buttons: #&quot;SYSTEM_SYSRULES_ButtonLayout&quot;(
    secondaryButtons: {
      #&quot;_a-0000d94c-e571-8000-927a-010000010000_625&quot;(ri!action, &quot;system&quot;)
    }
  )
)
</definition>
        <namedTypedValue>
            <name>action</name>
            <type>
                <name>Save</name>
                <namespace>http://www.appian.com/ae/types/2009</namespace>
            </type>
            <value/>
        </namedTypedValue>
        <preferredEditor>interface</preferredEditor>
    </rule>
    <roleMap public="true">
        <role allowForAll="false" inherit="true" name="readers">
            <users/>
            <groups/>
        </role>
        <role allowForAll="false" inherit="true" name="authors">
            <users/>
            <groups/>
        </role>
        <role allowForAll="false" inherit="true" name="administrators">
            <users>
                <userUuid>Administrator</userUuid>
            </users>
            <groups/>
        </role>
        <role allowForAll="false" inherit="false" name="denyReaders">
            <users/>
            <groups/>
        </role>
        <role allowForAll="false" inherit="false" name="denyAuthors">
            <users/>
            <groups/>
        </role>
        <role allowForAll="false" inherit="false" name="denyAdministrators">
            <users/>
            <groups/>
        </role>
    </roleMap>
</contentHaul>
