<?xml version="1.0" encoding="UTF-8" standalone="yes"?>
<applicationHaul xmlns:a="http://www.appian.com/ae/types/2009">
    <application>
        <name>Content Utilities</name>
        <uuid>_a-0000d94b-31b1-8000-927a-010000010000_402</uuid>
        <description></description>
        <parentUuid>SYSTEM_APPLICATIONS_ROOT</parentUuid>
        <visibility>
            <advertise>false</advertise>
            <hierarchy>true</hierarchy>
            <indexable>true</indexable>
            <quota>false</quota>
            <searchable>true</searchable>
            <system>false</system>
            <unlogged>false</unlogged>
        </visibility>
        <urlIdentifier>content_utilities</urlIdentifier>
        <published>true</published>
        <public>false</public>
        <associatedObjects>
            <globalIdMap>
                <item>
                    <type>datatype</type>
                    <uuids/>
                </item>
                <item>
                    <type>dataStore</type>
                    <uuids/>
                </item>
                <item>
                    <type>user</type>
                    <uuids/>
                </item>
                <item>
                    <type>groupType</type>
                    <uuids/>
                </item>
                <item>
                    <type>group</type>
                    <uuids/>
                </item>
                <item>
                    <type>content</type>
                    <uuids>
                        <uuid>_a-0000d94b-31b1-8000-927a-010000010000_407</uuid>
                        <uuid>91d1234c-593c-469b-905a-50a9aeda6e47</uuid>
                        <uuid>26e98a14-4463-4ba4-ba64-e0cad582077e</uuid>
                        <uuid>2c9c4aa6-93a3-4b16-a48b-b908aa627bb1</uuid>
                        <uuid>c682333c-113b-49bf-bb82-2a30e953efb8</uuid>
                        <uuid>07b2d6a4-518f-4231-b4f5-c2c38715e63b</uuid>
                        <uuid>13dae4ab-2453-494f-b19c-94541f070155</uuid>
                        <uuid>f6bab914-68c3-429b-bb1d-7f7d152f9d35</uuid>
                        <uuid>_a-0000d94b-6e9d-8000-927a-010000010000_446</uuid>
                        <uuid>_a-0000d94b-6e9d-8000-927a-010000010000_445</uuid>
                        <uuid>1c70c386-9672-451a-9fe6-d26046c4338b</uuid>
                        <uuid>_a-0000d940-e189-8000-927a-010000010000_59</uuid>
                        <uuid>_a-0000d94b-6e9d-8000-927a-010000010000_440</uuid>
                        <uuid>_a-0000d94b-31b1-8000-927a-010000010000_395</uuid>
                        <uuid>_a-0000d94b-6e9d-8000-927a-010000010000_452</uuid>
                        <uuid>_a-0000d94b-6e9d-8000-927a-010000010000_460</uuid>
                        <uuid>_a-0000d94b-6e9d-8000-927a-010000010000_456</uuid>
                        <uuid>_a-0000d94b-6e9d-8000-927a-010000010000_459</uuid>
                        <uuid>_a-0000d94b-6e9d-8000-927a-010000010000_455</uuid>
                        <uuid>_a-0000d94b-6e9d-8000-927a-010000010000_454</uuid>
                        <uuid>_a-0000d94b-6e9d-8000-927a-010000010000_453</uuid>
                        <uuid>_a-0000d94c-726a-8000-927a-010000010000_470</uuid>
                        <uuid>23090485-9b2b-4e10-9a0f-6373eb0237e5</uuid>
                        <uuid>5048fbe5-c64d-4e6a-9fb2-6f4dfff9edf5</uuid>
                        <uuid>5deeaea4-8cba-4c0c-a111-0c83de7ca6af</uuid>
                        <uuid>_a-0000d94c-726a-8000-927a-010000010000_507</uuid>
                        <uuid>_a-0000d94c-726a-8000-927a-010000010000_469</uuid>
                        <uuid>_a-0000d94c-acf6-8000-927a-010000010000_557</uuid>
                        <uuid>_a-0000d94c-726a-8000-927a-010000010000_520</uuid>
                        <uuid>_a-0000d94c-726a-8000-927a-010000010000_491</uuid>
                        <uuid>_a-0000d94c-726a-8000-927a-010000010000_494</uuid>
                        <uuid>_a-0000d94c-726a-8000-927a-010000010000_492</uuid>
                        <uuid>_a-0000d94c-acf6-8000-927a-010000010000_536</uuid>
                        <uuid>_a-0000d94c-726a-8000-927a-010000010000_526</uuid>
                        <uuid>_a-0000d94c-726a-8000-927a-010000010000_516</uuid>
                        <uuid>c65d13c1-95f6-4e51-9c54-03da308ae74d</uuid>
                        <uuid>770cffec-37df-47c3-8ed1-65cfaec6fca0</uuid>
                        <uuid>0bf0304b-7d6a-4f0f-9e3f-75825adecc0c</uuid>
                        <uuid>_a-0000d94c-e571-8000-927a-010000010000_592</uuid>
                        <uuid>_a-0000d94c-e571-8000-927a-010000010000_625</uuid>
                    </uuids>
                </item>
                <item>
                    <type>forum</type>
                    <uuids/>
                </item>
                <item>
                    <type>processModelFolder</type>
                    <uuids>
                        <uuid>_g-0000d94b-6ef2-8000-927a-010000010000_3</uuid>
                    </uuids>
                </item>
                <item>
                    <type>processModel</type>
                    <uuids>
                        <uuid>0007d94b-7b91-8000-927a-010000010000</uuid>
                    </uuids>
                </item>
                <item>
                    <type>portlet</type>
                    <uuids/>
                </item>
                <item>
                    <type>page</type>
                    <uuids/>
                </item>
                <item>
                    <type>application</type>
                    <uuids/>
                </item>
                <item>
                    <type>tempoFeed</type>
                    <uuids/>
                </item>
                <item>
                    <type>recordType</type>
                    <uuids/>
                </item>
                <item>
                    <type>tempoReport</type>
                    <uuids/>
                </item>
                <item>
                    <type>taskReport</type>
                    <uuids/>
                </item>
            </globalIdMap>
        </associatedObjects>
        <applicationNavigation/>
        <applicationActions>
            <action>
                <displayLabel>System Utilities</displayLabel>
                <description>Various utilities for updating rules and process models</description>
                <processModelUuid>0007d94b-7b91-8000-927a-010000010000</processModelUuid>
                <actionUuid>e2680cea-e8f0-4e59-9ae1-51fa3ce51c06</actionUuid>
            </action>
        </applicationActions>
    </application>
    <roleMap>
        <contentRoleMap public="true">
            <role allowForAll="false" inherit="false" name="readers">
                <users/>
                <groups/>
            </role>
            <role allowForAll="false" inherit="false" name="authors">
                <users/>
                <groups/>
            </role>
            <role allowForAll="false" inherit="false" name="administrators">
                <users>
                    <userUuid>Administrator</userUuid>
                </users>
                <groups/>
            </role>
            <role allowForAll="false" inherit="false" name="denyReaders">
                <users/>
                <groups/>
            </role>
            <role allowForAll="false" inherit="false" name="denyAuthors">
                <users/>
                <groups/>
            </role>
            <role allowForAll="false" inherit="false" name="denyAdministrators">
                <users/>
                <groups/>
            </role>
        </contentRoleMap>
    </roleMap>
</applicationHaul>
